enum	mask	apiValue	member
AirMixingModesOption	1	0	OFF
AirMixingModesOption	2	1	AUTO_TEMP
AirMixingModesOption	4	2	AUTO_SEASON
AirMixingModesOption	8	3	COOL
AirMixingModesOption	16	4	HEAT
AirMixingModesOption	128	7	FAN
AirMixingModesOption	256	8	DRY
AirMixingModesOption	-1	null	UNKNOWN
AppDisplayedData	1	-	DHW_V40_CONSUMPTION
ConsumptionType	1	-	GAZ_HEATING
ConsumptionType	2	-	ELECTRICITY_HEATING
ConsumptionType	4	-	ELECTRICITY_COOLING
ConsumptionType	8	-	GAZ_DWH
ConsumptionType	16	-	ELECTRICITY_DHW
ConsumptionType	32	-	FUEL_HEATING
ConsumptionType	64	-	FUEL_DHW
ConsumptionType	256	-	HEATING_PRODUCTION
ConsumptionType	512	-	COOLING_PRODUCTION
ConsumptionType	1024	-	DHW_PRODUCTION
DHWEstimationSupport	2	-	WATER_FLOW
DHWEstimationSupported	1	-	WATER_FLOW
DHWEstimationSupported	8	-	TANK_V40
DHWHMI	1	-	V40_STATE_OF_CHARGE
DHWHMI	2	-	MAIN_TEMPERATURE_SETPOINT_CURSOR
DHWHMI	4	-	SECONDARY_TEMPERATURE_SETPOINT_CURSOR
DHWHMI	8	-	IHM_DATA_INSIDE
DHWHMI	-1	-	UNKNOWN
DHWHeatingType	1	0	HEAT_AVAILABLE
DHWHeatingType	2	1	HEAT_SCHEDULE
DHWHeatingType	4	2	HEAT_OFF_PEAK
DHWHeatingType	8	-1	HEAT_SELF_CONSUMPTION
DHWHeatingType	-1	-1	UNKNOWN
DHWMode	1	0	MANUAL
DHWMode	2	2	ECO_COMFORT_SCHEDULE
DHWMode	4	3	AUTO
DHWMode	8	4	PROG
DHWMode	256	-1	BOOST
DHWMode	512	-1	BOOST_SCHEDULE
DHWMode	1024	-1	ABSENCE
DHWMode	2048	-1	ABSENCE_SCHEDULE
DHWMode	4096	-1	ANTILEGIONELLA
DHWMode	8192	-1	SMART_GRID
DHWMode	16384	-1	ON_OFF
DHWMode	-1	-1	UNKNOWN
DHWServices	1	-	MANUAL
DHWServices	2	-	ECO_COMFORT_SCHEDULE
DHWServices	4	-	AUTOMATIC
DHWServices	8	-	MILESTONE_SCHEDULE
DHWServices	256	-	BOOST
DHWServices	512	-	BOOST_SCHEDULE
DHWServices	1024	-	AWAY
DHWServices	4096	-	ANTILEGIONNELLA
DHWServices	8192	-	SMART_GRID_REQUEST
HomeService	1	-	THERMAL_COMFORT
HomeService	2	-	DHW
HomeService	4	-	VENTILATION
HomeService	8	-	LIGHT
HomeService	-1	-	UNKNOWN
MilestoneType	1	-	ON_OFF
MilestoneType	2	-	BOOST
Mode	1	0	BASIC
Mode	2	1	PROG
Mode	4	-	LIFESTYLE_PROG_AVAILABLE
Mode	8	-	HEATING_ANTICIPATION
Mode	16	-	UNEXPECTED_EVENTS
Mode	32	2	AUTO
Mode	256	-	AC_ENERGY_SAVING_MODE
Mode	1024	-	ABSENCE
Mode	2048	-	SCHEDULED_ABSENCE
Mode	-1	-	UNKNOWN
Service	1	0	OFF
Service	6	1	AUTO
Service	8	3	COOL
Service	16	4	HEAT
Service	-1	5	EMERGENCY_HEAT
Service	-1	6	PRE_COOLING
Service	128	7	FAN
Service	256	8	DRY
Service	-1	9	SLEEP
Service	-1	null	UNKNOWN
TemperatureControlsCapability	16	-	ANTIFROST
VentilationControls	1	-	TEMPERATURE_IS_CHECKED
VentilationControls	2	-	HYGROMETRY_IS_CHECKED
VentilationControls	4	-	EMERGENCY_TEMPERATURE_IS_CHECKED
VentilationControls	8	-	AC_POWERFUL_MODE_ENABLED
VentilationControls	16	-	BOOST_WITH_FAN
VentilationControls	32	-	BOOST_WITHOUT_FAN
VentilationControls	64	-	HORIZONTAL_BLADE_POSITION
VentilationControls	128	-	VERTICAL_BLADE_POSITION
VentilationOption	1	-	TEMPERATURE
VentilationOption	2	-	OPEN_WINDOW_DETECTION
VentilationOption	4	-	PRESENCE_DETECTION
VentilationOption	32	-	ADAPTIVE_PLANNING
