family	id	name	value
Discover	271	DHW_STATE_OF_CHARGE	30
Discover	223	DHW_AVAILABLE_HEATING_TYPE	0000000000000000000000000000011
Discover	105906	DHW_V40_APPLIED_SETPOINT	80
Discover	105907	DHW_V40_MANUALLY_FILLED_BY_USER	70
Discover	253	DHW_MIN_USER_TARGET	25
Discover	252	DHW_MAX_USER_TARGET	55
Discover	338	DHW_SECONDARY_CURSOR_INFO	2
Discover	337	DHW_MAIN_CURSOR_INFO	3
Discover	231	DHW_CURRENT_MANUAL_TARGET_SET_BY_USER	40
Discover	336	DHW_IHM_CAPABILITIES	1111
Discover	117	ROOM_AMBIENT_TEMPERATURE	18.0
Discover	40	ROOM_CURRENT_HEATING_TARGET_TEMPERATURE	9.0
Discover	177	ROOM_CURRENT_COOLING_TARGET_TEMPERATURE	22.0
Discover	172	ABSENCE_HEATING	20.0
Discover	171	ABSENCE_COOLING	12.0
Discover	160	HEATING_MINIMUM_TEMPERATURE	8.0
Discover	245	DHW_PROG_IN_RANGE_MONDAY	[[0,60],[0,0],[0,0],[0,0]]
Discover	246	DHW_PROG_IN_RANGE_TUESDAY	[[60,120],[0,0],[0,0],[0,0]]
Discover	247	DHW_PROG_IN_RANGE_WEDNESDAY	[[180,240],[700,900],[1000,1180],[0,0]]
Discover	248	DHW_PROG_IN_RANGE_THURSDAY	[[600,900],[0,0],[0,0],[0,0]]
Discover	249	DHW_PROG_IN_RANGE_FRIDAY	[[60,120],[0,0],[0,0],[0,0]]
Discover	250	DHW_PROG_IN_RANGE_SATURDAY	[[60,180],[0,0],[0,0],[0,0]]
Discover	251	DHW_PROG_IN_RANGE_SUNDAY	[[360,700],[0,0],[0,0],[0,0]]
Discover	237	DHW_PROG_MILESTONE_MONDAY	[[0,50],[0,0],[0,0],[0,0]]
Discover	238	DHW_PROG_MILESTONE_TUESDAY	[[0,58],[0,0],[0,0],[0,0]]
Discover	239	DHW_PROG_MILESTONE_WEDNESDAY	[[0,50],[0,0],[0,0],[0,0]]
Discover	240	DHW_PROG_MILESTONE_THURSDAY	[[0,65],[0,0],[0,0],[0,0]]
Discover	241	DHW_PROG_MILESTONE_FRIDAY	[[0,50],[0,0],[0,0],[0,0]]
Discover	242	DHW_PROG_MILESTONE_SATURDAY	[[0,62],[0,0],[0,0],[0,0]]
Discover	243	DHW_PROG_MILESTONE_SUNDAY	[[0,54],[0,0],[0,0],[0,0]]
HE3Z	117	ROOM_AMBIENT_TEMPERATURE	18.0
HE3Z	40	ROOM_CURRENT_HEATING_TARGET_TEMPERATURE	20.5
HE3Z	177	ROOM_CURRENT_COOLING_TARGET_TEMPERATURE	22.0
HE3Z	172	ABSENCE_HEATING	20.0
HE3Z	171	ABSENCE_COOLING	12.0
HE3Z	160	HEATING_MINIMUM_TEMPERATURE	8.0
HE3Z	222	ABSENCE_HOME_DATE	
HE3Z	100198	PROG_PRESENCE	[22.5,"1"]
HE3Z	100196	PROG_ABSENCE	[13.0,"0"]
HE3Z	100197	PROG_NIGHT	[16.5,"1"]
HE3Z	100334	THERMOSTAT_LIFESTYLE_HEATING_MONDAY	[[360,1],[720,2],[1080,3],[1260,1],[0,0],[0,0],[0,0],[0,0],[0,0],[0,0]]
HE3Z	100335	THERMOSTAT_LIFESTYLE_HEATING_TUESDAY	[[360,2],[720,3],[1080,1],[1260,2],[0,0],[0,0],[0,0],[0,0],[0,0],[0,0]]
HE3Z	100336	THERMOSTAT_LIFESTYLE_HEATING_WEDNESDAY	[[1080,3],[1260,1],[0,0],[0,0],[0,0],[0,0],[0,0],[0,0],[0,0],[0,0]]
HE3Z	100337	THERMOSTAT_LIFESTYLE_HEATING_THURSDAY	[[360,2],[720,3],[1080,1],[1260,2],[0,0],[0,0],[0,0],[0,0],[0,0],[0,0]]
HE3Z	100338	THERMOSTAT_LIFESTYLE_HEATING_FRIDAY	[[300,3],[1080,1],[0,0],[0,0],[0,0],[0,0],[0,0],[0,0],[0,0],[0,0]]
HE3Z	100339	THERMOSTAT_LIFESTYLE_HEATING_SATURDAY	[[0,0],[0,0],[0,0],[0,0],[0,0],[0,0],[0,0],[0,0],[0,0],[0,0]]
HE3Z	100341	THERMOSTAT_LIFESTYLE_HEATING_SUNDAY	[[30,3],[600,2],[1140,3],[0,0],[0,0],[0,0],[0,0],[0,0],[0,0],[0,0]]
Zoniclim	117	ROOM_AMBIENT_TEMPERATURE	18.0
Zoniclim	40	ROOM_CURRENT_HEATING_TARGET_TEMPERATURE	20.5
Zoniclim	177	ROOM_CURRENT_COOLING_TARGET_TEMPERATURE	22.0
Zoniclim	172	ABSENCE_HEATING	20.0
Zoniclim	171	ABSENCE_COOLING	12.0
Zoniclim	160	HEATING_MINIMUM_TEMPERATURE	8.0
Zoniclim	222	ABSENCE_HOME_DATE	
Zoniclim	100198	PROG_PRESENCE	[22.5,"1"]
Zoniclim	100196	PROG_ABSENCE	[13.0,"0"]
Zoniclim	100197	PROG_NIGHT	[16.5,"1"]
Zoniclim	196	THERMOSTAT_PROG_HEATING_MONDAY	[[525,15.5],[1110,20],[0,0],[0,0],[0,0],[0,0],[0,0],[1300,18.5],[1400,25]]
Zoniclim	197	THERMOSTAT_PROG_HEATING_TUESDAY	[[0,15.5],[1110,20],[0,0],[0,0],[0,0],[0,0],[0,0],[0,0],[0,0],[0,0]]
Zoniclim	198	THERMOSTAT_PROG_HEATING_WEDNESDAY	[[525,15.5],[1110,20],[0,0],[0,0],[0,0],[0,0],[0,0],[0,0],[0,0],[0,0]]
Zoniclim	199	THERMOSTAT_PROG_HEATING_THURSDAY	[[525,15.5],[1110,20],[0,0],[0,0],[0,0],[0,0],[0,0],[0,0],[0,0],[0,0]]
Zoniclim	200	THERMOSTAT_PROG_HEATING_FRIDAY	[[525,15.5],[1110,20],[0,0],[0,0],[0,0],[0,0],[0,0],[0,0],[0,0],[0,0]]
Zoniclim	201	THERMOSTAT_PROG_HEATING_SATURDAY	[[525,15.5],[1110,20],[0,0],[0,0],[0,0],[0,0],[0,0],[0,0],[0,0],[0,0]]
Zoniclim	202	THERMOSTAT_PROG_HEATING_SUNDAY	[[0,0],[0,0],[0,0],[0,0],[0,0],[0,0],[0,0],[0,0],[0,0],[0,0]]
Zoniclim	203	THERMOSTAT_PROG_COOLING_MONDAY	[[525,15.5],[1110,20],[0,0],[0,0],[0,0],[0,0],[0,0],[0,0],[0,0],[0,0]]
Zoniclim	204	THERMOSTAT_PROG_COOLING_TUESDAY	[[525,15.5],[1110,20],[0,0],[0,0],[0,0],[0,0],[0,0],[0,0],[0,0],[0,0]]
Zoniclim	205	THERMOSTAT_PROG_COOLING_WEDNESDAY	[[525,15.5],[1110,20],[0,0],[0,0],[0,0],[0,0],[0,0],[0,0],[0,0],[0,0]]
Zoniclim	206	THERMOSTAT_PROG_COOLING_THURSDAY	[[525,15.5],[1110,20],[0,0],[0,0],[0,0],[0,0],[0,0],[0,0],[0,0],[0,0]]
Zoniclim	207	THERMOSTAT_PROG_COOLING_FRIDAY	[[525,15.5],[1110,20],[0,0],[0,0],[0,0],[0,0],[0,0],[0,0],[0,0],[0,0]]
Zoniclim	208	THERMOSTAT_PROG_COOLING_SATURDAY	[[525,15.5],[1110,20],[0,0],[0,0],[0,0],[0,0],[0,0],[0,0],[0,0],[0,0]]
Zoniclim	209	THERMOSTAT_PROG_COOLING_SUNDAY	[[525,15.5],[1110,20],[0,0],[0,0],[0,0],[0,0],[0,0],[0,0],[0,0],[0,0]]
Zoniclim	100334	THERMOSTAT_LIFESTYLE_HEATING_MONDAY	[[360,1],[720,2],[1080,3],[1260,1],[0,0],[0,0],[0,0],[0,0],[0,0],[0,0]]
Zoniclim	100335	THERMOSTAT_LIFESTYLE_HEATING_TUESDAY	[[360,2],[720,3],[1080,1],[1260,2],[0,0],[0,0],[0,0],[0,0],[0,0],[0,0]]
Zoniclim	100336	THERMOSTAT_LIFESTYLE_HEATING_WEDNESDAY	[[1080,3],[1260,1],[0,0],[0,0],[0,0],[0,0],[0,0],[0,0],[0,0],[0,0]]
Zoniclim	100337	THERMOSTAT_LIFESTYLE_HEATING_THURSDAY	[[360,2],[720,3],[1080,1],[1260,2],[0,0],[0,0],[0,0],[0,0],[0,0],[0,0]]
Zoniclim	100338	THERMOSTAT_LIFESTYLE_HEATING_FRIDAY	[[300,3],[1080,1],[0,0],[0,0],[0,0],[0,0],[0,0],[0,0],[0,0],[0,0]]
Zoniclim	100339	THERMOSTAT_LIFESTYLE_HEATING_SATURDAY	[[0,0],[0,0],[0,0],[0,0],[0,0],[0,0],[0,0],[0,0],[0,0],[0,0]]
Zoniclim	100341	THERMOSTAT_LIFESTYLE_HEATING_SUNDAY	[[30,3],[600,2],[1140,3],[0,0],[0,0],[0,0],[0,0],[0,0],[0,0],[0,0]]
Zoniclim	102022	AIR_MIXING_DURATION_STEP	15
Zoniclim	102021	AIR_MIXING_DURATION	240
Zoniclim	102023	AIR_MIXING_DURATION_REMAINING_TIME	30
BD0	117	ROOM_AMBIENT_TEMPERATURE	18.0
BD0	40	ROOM_CURRENT_HEATING_TARGET_TEMPERATURE	9.0
BD0	177	ROOM_CURRENT_COOLING_TARGET_TEMPERATURE	22.0
BD0	172	ABSENCE_HEATING	20.0
BD0	171	ABSENCE_COOLING	12.0
BD0	160	HEATING_MINIMUM_TEMPERATURE	8.0
BD0	196	THERMOSTAT_PROG_HEATING_MONDAY	[[525,15.5],[1110,20],[0,0],[0,0],[0,0],[0,0],[0,0],[1300,18.5],[1400,25]]
BD0	197	THERMOSTAT_PROG_HEATING_TUESDAY	[[0,15.5],[1110,20],[0,0],[0,0],[0,0],[0,0],[0,0],[0,0],[0,0],[0,0]]
BD0	198	THERMOSTAT_PROG_HEATING_WEDNESDAY	[[525,15.5],[1110,20],[0,0],[0,0],[0,0],[0,0],[0,0],[0,0],[0,0],[0,0]]
BD0	199	THERMOSTAT_PROG_HEATING_THURSDAY	[[525,15.5],[1110,20],[0,0],[0,0],[0,0],[0,0],[0,0],[0,0],[0,0],[0,0]]
BD0	200	THERMOSTAT_PROG_HEATING_FRIDAY	[[525,15.5],[1110,20],[0,0],[0,0],[0,0],[0,0],[0,0],[0,0],[0,0],[0,0]]
BD0	201	THERMOSTAT_PROG_HEATING_SATURDAY	[[525,15.5],[1110,20],[0,0],[0,0],[0,0],[0,0],[0,0],[0,0],[0,0],[0,0]]
BD0	202	THERMOSTAT_PROG_HEATING_SUNDAY	[[525,15.5],[1110,20],[0,0],[0,0],[0,0],[0,0],[0,0],[0,0],[0,0],[0,0]]
BD0	203	THERMOSTAT_PROG_COOLING_MONDAY	[[525,15.5],[1110,20],[0,0],[0,0],[0,0],[0,0],[0,0],[0,0],[0,0],[0,0]]
BD0	204	THERMOSTAT_PROG_COOLING_TUESDAY	[[525,15.5],[1110,20],[0,0],[0,0],[0,0],[0,0],[0,0],[0,0],[0,0],[0,0]]
BD0	205	THERMOSTAT_PROG_COOLING_WEDNESDAY	[[525,15.5],[1110,20],[0,0],[0,0],[0,0],[0,0],[0,0],[0,0],[0,0],[0,0]]
BD0	206	THERMOSTAT_PROG_COOLING_THURSDAY	[[525,15.5],[1110,20],[0,0],[0,0],[0,0],[0,0],[0,0],[0,0],[0,0],[0,0]]
BD0	207	THERMOSTAT_PROG_COOLING_FRIDAY	[[525,15.5],[1110,20],[0,0],[0,0],[0,0],[0,0],[0,0],[0,0],[0,0],[0,0]]
BD0	208	THERMOSTAT_PROG_COOLING_SATURDAY	[[525,15.5],[1110,20],[0,0],[0,0],[0,0],[0,0],[0,0],[0,0],[0,0],[0,0]]
BD0	209	THERMOSTAT_PROG_COOLING_SUNDAY	[[525,15.5],[1110,20],[0,0],[0,0],[0,0],[0,0],[0,0],[0,0],[0,0],[0,0]]
BD0	100320	THERMOSTAT_PROG_HEATING_WITH_OFF_MONDAY	[[15,20,0],[525,15.5,0],[1110,30,0],[1300,18.5,0],[0,0,0],[0,0,0],[0,0,0],[1430,10,0],[1435,25,0]]
BD0	100321	THERMOSTAT_PROG_HEATING_WITH_OFF_TUESDAY	[[525,15.5,0],[1110,20,1],[0,0,0],[0,0,0],[0,0,0],[0,0,0],[0,0,0],[1300,18.5,0],[1400,25,1]]
BD0	100322	THERMOSTAT_PROG_HEATING_WITH_OFF_WEDNESDAY	[[525,15.5,0],[1110,20,1],[0,0,0],[0,0,0],[0,0,0],[0,0,0],[0,0,0],[1300,18.5,0],[1400,25,1]]
BD0	100323	THERMOSTAT_PROG_HEATING_WITH_OFF_THURSDAY	[[525,15.5,0],[1110,20,1],[0,0,0],[0,0,0],[0,0,0],[0,0,0],[0,0,0],[1300,18.5,0],[1400,25,1]]
BD0	100324	THERMOSTAT_PROG_HEATING_WITH_OFF_FRIDAY	[[525,15.5,0],[1110,20,1],[0,0,0],[0,0,0],[0,0,0],[0,0,0],[0,0,0],[1300,18.5,0],[1400,25,1]]
BD0	100325	THERMOSTAT_PROG_HEATING_WITH_OFF_SATURDAY	[[525,15.5,0],[1110,20,1],[0,0,0],[0,0,0],[0,0,0],[0,0,0],[0,0,0],[1300,18.5,0],[1400,25,1]]
BD0	100326	THERMOSTAT_PROG_HEATING_WITH_OFF_SUNDAY	[[700,20,0],[0,0,0]]
BD0	100327	THERMOSTAT_PROG_COOLING_WITH_OFF_MONDAY	[[525,15.5,0],[1110,20,0],[0,0,0],[0,0,0],[0,0,0],[0,0,0],[1300,18.5,0],[1410,10,0],[1420,25,0]]
BD0	100328	THERMOSTAT_PROG_COOLING_WITH_OFF_TUESDAY	[[525,15.5,0],[1110,20,1],[0,0,0],[0,0,0],[0,0,0],[0,0,0],[0,0,0],[1300,18.5,0],[1400,25,1]]
BD0	100329	THERMOSTAT_PROG_COOLING_WITH_OFF_WEDNESDAY	[[525,15.5,0],[1110,20,1],[0,0,0],[0,0,0],[0,0,0],[0,0,0],[0,0,0],[1300,18.5,0],[1400,25,1]]
BD0	100330	THERMOSTAT_PROG_COOLING_WITH_OFF_THURSDAY	[[525,15.5,0],[1110,20,1],[0,0,0],[0,0,0],[0,0,0],[0,0,0],[0,0,0],[1300,18.5,0],[1400,25,1]]
BD0	100331	THERMOSTAT_PROG_COOLING_WITH_OFF_FRIDAY	[[525,15.5,0],[1110,20,1],[0,0,0],[0,0,0],[0,0,0],[0,0,0],[0,0,0],[1300,18.5,0],[1400,25,1]]
BD0	100332	THERMOSTAT_PROG_COOLING_WITH_OFF_SATURDAY	[[525,15.5,0],[1110,20,1],[0,0,0],[0,0,0],[0,0,0],[0,0,0],[0,0,0],[1300,18.5,0],[1400,25,1]]
BD0	100333	THERMOSTAT_PROG_COOLING_WITH_OFF_SUNDAY	[[525,15.5,0],[1110,20,1],[0,0,0],[0,0,0],[0,0,0],[0,0,0],[0,0,0],[1300,18.5,0],[1400,25,1]]
CesaV2	271	DHW_STATE_OF_CHARGE	30
CesaV2	223	DHW_AVAILABLE_HEATING_TYPE	0000000000000000000000000000011
CesaV2	105906	DHW_V40_APPLIED_SETPOINT	80
CesaV2	105907	DHW_V40_MANUALLY_FILLED_BY_USER	70
CesaV2	253	DHW_MIN_USER_TARGET	25
CesaV2	252	DHW_MAX_USER_TARGET	55
CesaV2	231	DHW_CURRENT_MANUAL_TARGET_SET_BY_USER	30
CesaV2	338	DHW_SECONDARY_CURSOR_INFO	2
CesaV2	337	DHW_MAIN_CURSOR_INFO	3
CesaV2	339	DHW_IHM_DATA_INSIDE	2
CesaV2	117	ROOM_AMBIENT_TEMPERATURE	18.0
CesaV2	40	ROOM_CURRENT_HEATING_TARGET_TEMPERATURE	9.0
CesaV2	177	ROOM_CURRENT_COOLING_TARGET_TEMPERATURE	22.0
CesaV2	172	ABSENCE_HEATING	20.0
CesaV2	171	ABSENCE_COOLING	12.0
CesaV2	160	HEATING_MINIMUM_TEMPERATURE	8.0
CesaV2	117	ROOM_AMBIENT_TEMPERATURE	18.0
CesaV2	40	ROOM_CURRENT_HEATING_TARGET_TEMPERATURE	9.0
CesaV2	177	ROOM_CURRENT_COOLING_TARGET_TEMPERATURE	22.0
CesaV2	172	ABSENCE_HEATING	20.0
CesaV2	171	ABSENCE_COOLING	12.0
CesaV2	160	HEATING_MINIMUM_TEMPERATURE	8.0
CesaV2	196	THERMOSTAT_PROG_HEATING_MONDAY	[[525,15.5],[1110,20],[0,0],[0,0],[0,0],[0,0],[0,0],[1300,18.5],[1400,25]]
CesaV2	197	THERMOSTAT_PROG_HEATING_TUESDAY	[[0,15.5],[1110,20],[0,0],[0,0],[0,0],[0,0],[0,0],[0,0],[0,0],[0,0]]
CesaV2	198	THERMOSTAT_PROG_HEATING_WEDNESDAY	[[525,15.5],[1110,20],[0,0],[0,0],[0,0],[0,0],[0,0],[0,0],[0,0],[0,0]]
CesaV2	199	THERMOSTAT_PROG_HEATING_THURSDAY	[[525,15.5],[1110,20],[0,0],[0,0],[0,0],[0,0],[0,0],[0,0],[0,0],[0,0]]
CesaV2	200	THERMOSTAT_PROG_HEATING_FRIDAY	[[525,15.5],[1110,20],[0,0],[0,0],[0,0],[0,0],[0,0],[0,0],[0,0],[0,0]]
CesaV2	201	THERMOSTAT_PROG_HEATING_SATURDAY	[[525,15.5],[1110,20],[0,0],[0,0],[0,0],[0,0],[0,0],[0,0],[0,0],[0,0]]
CesaV2	202	THERMOSTAT_PROG_HEATING_SUNDAY	[[525,15.5],[1110,20],[0,0],[0,0],[0,0],[0,0],[0,0],[0,0],[0,0],[0,0]]
CesaV2	203	THERMOSTAT_PROG_COOLING_MONDAY	[[525,15.5],[1110,20],[0,0],[0,0],[0,0],[0,0],[0,0],[0,0],[0,0],[0,0]]
CesaV2	204	THERMOSTAT_PROG_COOLING_TUESDAY	[[525,15.5],[1110,20],[0,0],[0,0],[0,0],[0,0],[0,0],[0,0],[0,0],[0,0]]
CesaV2	205	THERMOSTAT_PROG_COOLING_WEDNESDAY	[[525,15.5],[1110,20],[0,0],[0,0],[0,0],[0,0],[0,0],[0,0],[0,0],[0,0]]
CesaV2	206	THERMOSTAT_PROG_COOLING_THURSDAY	[[525,15.5],[1110,20],[0,0],[0,0],[0,0],[0,0],[0,0],[0,0],[0,0],[0,0]]
CesaV2	207	THERMOSTAT_PROG_COOLING_FRIDAY	[[525,15.5],[1110,20],[0,0],[0,0],[0,0],[0,0],[0,0],[0,0],[0,0],[0,0]]
CesaV2	208	THERMOSTAT_PROG_COOLING_SATURDAY	[[525,15.5],[1110,20],[0,0],[0,0],[0,0],[0,0],[0,0],[0,0],[0,0],[0,0]]
CesaV2	209	THERMOSTAT_PROG_COOLING_SUNDAY	[[525,15.5],[1110,20],[0,0],[0,0],[0,0],[0,0],[0,0],[0,0],[0,0],[0,0]]
CesaV2	100320	THERMOSTAT_PROG_HEATING_WITH_OFF_MONDAY	[[15,20,0],[525,15.5,0],[1110,30,0],[1300,18.5,0],[0,0,0],[0,0,0],[0,0,0],[1430,10,0],[1435,25,0]]
CesaV2	100321	THERMOSTAT_PROG_HEATING_WITH_OFF_TUESDAY	[[525,15.5,0],[1110,20,1],[0,0,0],[0,0,0],[0,0,0],[0,0,0],[0,0,0],[1300,18.5,0],[1400,25,1]]
CesaV2	100322	THERMOSTAT_PROG_HEATING_WITH_OFF_WEDNESDAY	[[525,15.5,0],[1110,20,1],[0,0,0],[0,0,0],[0,0,0],[0,0,0],[0,0,0],[1300,18.5,0],[1400,25,1]]
CesaV2	100323	THERMOSTAT_PROG_HEATING_WITH_OFF_THURSDAY	[[525,15.5,0],[1110,20,1],[0,0,0],[0,0,0],[0,0,0],[0,0,0],[0,0,0],[1300,18.5,0],[1400,25,1]]
CesaV2	100324	THERMOSTAT_PROG_HEATING_WITH_OFF_FRIDAY	[[525,15.5,0],[1110,20,1],[0,0,0],[0,0,0],[0,0,0],[0,0,0],[0,0,0],[1300,18.5,0],[1400,25,1]]
CesaV2	100325	THERMOSTAT_PROG_HEATING_WITH_OFF_SATURDAY	[[525,15.5,0],[1110,20,1],[0,0,0],[0,0,0],[0,0,0],[0,0,0],[0,0,0],[1300,18.5,0],[1400,25,1]]
CesaV2	100326	THERMOSTAT_PROG_HEATING_WITH_OFF_SUNDAY	[[700,20,0],[0,0,0]]
CesaV2	100327	THERMOSTAT_PROG_COOLING_WITH_OFF_MONDAY	[[525,15.5,0],[1110,20,0],[0,0,0],[0,0,0],[0,0,0],[0,0,0],[1300,18.5,0],[1410,10,0],[1420,25,0]]
CesaV2	100328	THERMOSTAT_PROG_COOLING_WITH_OFF_TUESDAY	[[525,15.5,0],[1110,20,1],[0,0,0],[0,0,0],[0,0,0],[0,0,0],[0,0,0],[1300,18.5,0],[1400,25,1]]
CesaV2	100329	THERMOSTAT_PROG_COOLING_WITH_OFF_WEDNESDAY	[[525,15.5,0],[1110,20,1],[0,0,0],[0,0,0],[0,0,0],[0,0,0],[0,0,0],[1300,18.5,0],[1400,25,1]]
CesaV2	100330	THERMOSTAT_PROG_COOLING_WITH_OFF_THURSDAY	[[525,15.5,0],[1110,20,1],[0,0,0],[0,0,0],[0,0,0],[0,0,0],[0,0,0],[1300,18.5,0],[1400,25,1]]
CesaV2	100331	THERMOSTAT_PROG_COOLING_WITH_OFF_FRIDAY	[[525,15.5,0],[1110,20,1],[0,0,0],[0,0,0],[0,0,0],[0,0,0],[0,0,0],[1300,18.5,0],[1400,25,1]]
CesaV2	100332	THERMOSTAT_PROG_COOLING_WITH_OFF_SATURDAY	[[525,15.5,0],[1110,20,1],[0,0,0],[0,0,0],[0,0,0],[0,0,0],[0,0,0],[1300,18.5,0],[1400,25,1]]
CesaV2	100333	THERMOSTAT_PROG_COOLING_WITH_OFF_SUNDAY	[[525,15.5,0],[1110,20,1],[0,0,0],[0,0,0],[0,0,0],[0,0,0],[0,0,0],[1300,18.5,0],[1400,25,1]]
TD1	117	ROOM_AMBIENT_TEMPERATURE	18.0
TD1	40	ROOM_CURRENT_HEATING_TARGET_TEMPERATURE	9.0
TD1	177	ROOM_CURRENT_COOLING_TARGET_TEMPERATURE	22.0
TD1	172	ABSENCE_HEATING	20.0
TD1	171	ABSENCE_COOLING	12.0
TD1	160	HEATING_MINIMUM_TEMPERATURE	8.0
TD1	196	THERMOSTAT_PROG_HEATING_MONDAY	[[525,15.5],[1110,20],[0,0],[0,0],[0,0],[0,0],[0,0],[1300,18.5],[1400,25]]
TD1	197	THERMOSTAT_PROG_HEATING_TUESDAY	[[0,15.5],[1110,20],[0,0],[0,0],[0,0],[0,0],[0,0],[0,0],[0,0],[0,0]]
TD1	198	THERMOSTAT_PROG_HEATING_WEDNESDAY	[[525,15.5],[1110,20],[0,0],[0,0],[0,0],[0,0],[0,0],[0,0],[0,0],[0,0]]
TD1	199	THERMOSTAT_PROG_HEATING_THURSDAY	[[525,15.5],[1110,20],[0,0],[0,0],[0,0],[0,0],[0,0],[0,0],[0,0],[0,0]]
TD1	200	THERMOSTAT_PROG_HEATING_FRIDAY	[[525,15.5],[1110,20],[0,0],[0,0],[0,0],[0,0],[0,0],[0,0],[0,0],[0,0]]
TD1	201	THERMOSTAT_PROG_HEATING_SATURDAY	[[525,15.5],[1110,20],[0,0],[0,0],[0,0],[0,0],[0,0],[0,0],[0,0],[0,0]]
TD1	202	THERMOSTAT_PROG_HEATING_SUNDAY	[[525,15.5],[1110,20],[0,0],[0,0],[0,0],[0,0],[0,0],[0,0],[0,0],[0,0]]
TD1	203	THERMOSTAT_PROG_COOLING_MONDAY	[[525,15.5],[1110,20],[0,0],[0,0],[0,0],[0,0],[0,0],[0,0],[0,0],[0,0]]
TD1	204	THERMOSTAT_PROG_COOLING_TUESDAY	[[525,15.5],[1110,20],[0,0],[0,0],[0,0],[0,0],[0,0],[0,0],[0,0],[0,0]]
TD1	205	THERMOSTAT_PROG_COOLING_WEDNESDAY	[[525,15.5],[1110,20],[0,0],[0,0],[0,0],[0,0],[0,0],[0,0],[0,0],[0,0]]
TD1	206	THERMOSTAT_PROG_COOLING_THURSDAY	[[525,15.5],[1110,20],[0,0],[0,0],[0,0],[0,0],[0,0],[0,0],[0,0],[0,0]]
TD1	207	THERMOSTAT_PROG_COOLING_FRIDAY	[[525,15.5],[1110,20],[0,0],[0,0],[0,0],[0,0],[0,0],[0,0],[0,0],[0,0]]
TD1	208	THERMOSTAT_PROG_COOLING_SATURDAY	[[525,15.5],[1110,20],[0,0],[0,0],[0,0],[0,0],[0,0],[0,0],[0,0],[0,0]]
TD1	209	THERMOSTAT_PROG_COOLING_SUNDAY	[[525,15.5],[1110,20],[0,0],[0,0],[0,0],[0,0],[0,0],[0,0],[0,0],[0,0]]
TD1	100320	THERMOSTAT_PROG_HEATING_WITH_OFF_MONDAY	[[15,20,0],[525,15.5,0],[1110,30,0],[1300,18.5,0],[0,0,0],[0,0,0],[0,0,0],[1430,10,0],[1435,25,0]]
TD1	100321	THERMOSTAT_PROG_HEATING_WITH_OFF_TUESDAY	[[525,15.5,0],[1110,20,1],[0,0,0],[0,0,0],[0,0,0],[0,0,0],[0,0,0],[1300,18.5,0],[1400,25,1]]
TD1	100322	THERMOSTAT_PROG_HEATING_WITH_OFF_WEDNESDAY	[[525,15.5,0],[1110,20,1],[0,0,0],[0,0,0],[0,0,0],[0,0,0],[0,0,0],[1300,18.5,0],[1400,25,1]]
TD1	100323	THERMOSTAT_PROG_HEATING_WITH_OFF_THURSDAY	[[525,15.5,0],[1110,20,1],[0,0,0],[0,0,0],[0,0,0],[0,0,0],[0,0,0],[1300,18.5,0],[1400,25,1]]
TD1	100324	THERMOSTAT_PROG_HEATING_WITH_OFF_FRIDAY	[[525,15.5,0],[1110,20,1],[0,0,0],[0,0,0],[0,0,0],[0,0,0],[0,0,0],[1300,18.5,0],[1400,25,1]]
TD1	100325	THERMOSTAT_PROG_HEATING_WITH_OFF_SATURDAY	[[525,15.5,0],[1110,20,1],[0,0,0],[0,0,0],[0,0,0],[0,0,0],[0,0,0],[1300,18.5,0],[1400,25,1]]
TD1	100326	THERMOSTAT_PROG_HEATING_WITH_OFF_SUNDAY	[[700,20,0],[0,0,0]]
TD1	100327	THERMOSTAT_PROG_COOLING_WITH_OFF_MONDAY	[[525,15.5,0],[1110,20,0],[0,0,0],[0,0,0],[0,0,0],[0,0,0],[1300,18.5,0],[1410,10,0],[1420,25,0]]
TD1	100328	THERMOSTAT_PROG_COOLING_WITH_OFF_TUESDAY	[[525,15.5,0],[1110,20,1],[0,0,0],[0,0,0],[0,0,0],[0,0,0],[0,0,0],[1300,18.5,0],[1400,25,1]]
TD1	100329	THERMOSTAT_PROG_COOLING_WITH_OFF_WEDNESDAY	[[525,15.5,0],[1110,20,1],[0,0,0],[0,0,0],[0,0,0],[0,0,0],[0,0,0],[1300,18.5,0],[1400,25,1]]
TD1	100330	THERMOSTAT_PROG_COOLING_WITH_OFF_THURSDAY	[[525,15.5,0],[1110,20,1],[0,0,0],[0,0,0],[0,0,0],[0,0,0],[0,0,0],[1300,18.5,0],[1400,25,1]]
TD1	100331	THERMOSTAT_PROG_COOLING_WITH_OFF_FRIDAY	[[525,15.5,0],[1110,20,1],[0,0,0],[0,0,0],[0,0,0],[0,0,0],[0,0,0],[1300,18.5,0],[1400,25,1]]
TD1	100332	THERMOSTAT_PROG_COOLING_WITH_OFF_SATURDAY	[[525,15.5,0],[1110,20,1],[0,0,0],[0,0,0],[0,0,0],[0,0,0],[0,0,0],[1300,18.5,0],[1400,25,1]]
TD1	100333	THERMOSTAT_PROG_COOLING_WITH_OFF_SUNDAY	[[525,15.5,0],[1110,20,1],[0,0,0],[0,0,0],[0,0,0],[0,0,0],[0,0,0],[1300,18.5,0],[1400,25,1]]
AirConditioner	117	ROOM_AMBIENT_TEMPERATURE	18.0
AirConditioner	40	ROOM_CURRENT_HEATING_TARGET_TEMPERATURE	9.0
AirConditioner	177	ROOM_CURRENT_COOLING_TARGET_TEMPERATURE	22.0
AirConditioner	172	ABSENCE_HEATING	20.0
AirConditioner	171	ABSENCE_COOLING	12.0
AirConditioner	160	HEATING_MINIMUM_TEMPERATURE	8.0
AirConditioner	196	THERMOSTAT_PROG_HEATING_MONDAY	[[525,15.5],[1110,20],[0,0],[0,0],[0,0],[0,0],[0,0],[1300,18.5],[1400,25]]
AirConditioner	197	THERMOSTAT_PROG_HEATING_TUESDAY	[[0,15.5],[1110,20],[0,0],[0,0],[0,0],[0,0],[0,0],[0,0],[0,0],[0,0]]
AirConditioner	198	THERMOSTAT_PROG_HEATING_WEDNESDAY	[[525,15.5],[1110,20],[0,0],[0,0],[0,0],[0,0],[0,0],[0,0],[0,0],[0,0]]
AirConditioner	199	THERMOSTAT_PROG_HEATING_THURSDAY	[[525,15.5],[1110,20],[0,0],[0,0],[0,0],[0,0],[0,0],[0,0],[0,0],[0,0]]
AirConditioner	200	THERMOSTAT_PROG_HEATING_FRIDAY	[[525,15.5],[1110,20],[0,0],[0,0],[0,0],[0,0],[0,0],[0,0],[0,0],[0,0]]
AirConditioner	201	THERMOSTAT_PROG_HEATING_SATURDAY	[[525,15.5],[1110,20],[0,0],[0,0],[0,0],[0,0],[0,0],[0,0],[0,0],[0,0]]
AirConditioner	202	THERMOSTAT_PROG_HEATING_SUNDAY	[[525,15.5],[1110,20],[0,0],[0,0],[0,0],[0,0],[0,0],[0,0],[0,0],[0,0]]
AirConditioner	203	THERMOSTAT_PROG_COOLING_MONDAY	[[525,15.5],[1110,20],[0,0],[0,0],[0,0],[0,0],[0,0],[0,0],[0,0],[0,0]]
AirConditioner	204	THERMOSTAT_PROG_COOLING_TUESDAY	[[525,15.5],[1110,20],[0,0],[0,0],[0,0],[0,0],[0,0],[0,0],[0,0],[0,0]]
AirConditioner	205	THERMOSTAT_PROG_COOLING_WEDNESDAY	[[525,15.5],[1110,20],[0,0],[0,0],[0,0],[0,0],[0,0],[0,0],[0,0],[0,0]]
AirConditioner	206	THERMOSTAT_PROG_COOLING_THURSDAY	[[525,15.5],[1110,20],[0,0],[0,0],[0,0],[0,0],[0,0],[0,0],[0,0],[0,0]]
AirConditioner	207	THERMOSTAT_PROG_COOLING_FRIDAY	[[525,15.5],[1110,20],[0,0],[0,0],[0,0],[0,0],[0,0],[0,0],[0,0],[0,0]]
AirConditioner	208	THERMOSTAT_PROG_COOLING_SATURDAY	[[525,15.5],[1110,20],[0,0],[0,0],[0,0],[0,0],[0,0],[0,0],[0,0],[0,0]]
AirConditioner	209	THERMOSTAT_PROG_COOLING_SUNDAY	[[525,15.5],[1110,20],[0,0],[0,0],[0,0],[0,0],[0,0],[0,0],[0,0],[0,0]]
AirConditioner	100320	THERMOSTAT_PROG_HEATING_WITH_OFF_MONDAY	[[15,20,0],[525,15.5,0],[1110,30,0],[1300,18.5,0],[0,0,0],[0,0,0],[0,0,0],[1430,10,0],[1435,25,0]]
AirConditioner	100321	THERMOSTAT_PROG_HEATING_WITH_OFF_TUESDAY	[[525,15.5,0],[1110,20,1],[0,0,0],[0,0,0],[0,0,0],[0,0,0],[0,0,0],[1300,18.5,0],[1400,25,1]]
AirConditioner	100322	THERMOSTAT_PROG_HEATING_WITH_OFF_WEDNESDAY	[[525,15.5,0],[1110,20,1],[0,0,0],[0,0,0],[0,0,0],[0,0,0],[0,0,0],[1300,18.5,0],[1400,25,1]]
AirConditioner	100323	THERMOSTAT_PROG_HEATING_WITH_OFF_THURSDAY	[[525,15.5,0],[1110,20,1],[0,0,0],[0,0,0],[0,0,0],[0,0,0],[0,0,0],[1300,18.5,0],[1400,25,1]]
AirConditioner	100324	THERMOSTAT_PROG_HEATING_WITH_OFF_FRIDAY	[[525,15.5,0],[1110,20,1],[0,0,0],[0,0,0],[0,0,0],[0,0,0],[0,0,0],[1300,18.5,0],[1400,25,1]]
AirConditioner	100325	THERMOSTAT_PROG_HEATING_WITH_OFF_SATURDAY	[[525,15.5,0],[1110,20,1],[0,0,0],[0,0,0],[0,0,0],[0,0,0],[0,0,0],[1300,18.5,0],[1400,25,1]]
AirConditioner	100326	THERMOSTAT_PROG_HEATING_WITH_OFF_SUNDAY	[[700,20,0],[0,0,0]]
AirConditioner	100327	THERMOSTAT_PROG_COOLING_WITH_OFF_MONDAY	[[525,15.5,0],[1110,20,0],[0,0,0],[0,0,0],[0,0,0],[0,0,0],[1300,18.5,0],[1410,10,0],[1420,25,0]]
AirConditioner	100328	THERMOSTAT_PROG_COOLING_WITH_OFF_TUESDAY	[[525,15.5,0],[1110,20,1],[0,0,0],[0,0,0],[0,0,0],[0,0,0],[0,0,0],[1300,18.5,0],[1400,25,1]]
AirConditioner	100329	THERMOSTAT_PROG_COOLING_WITH_OFF_WEDNESDAY	[[525,15.5,0],[1110,20,1],[0,0,0],[0,0,0],[0,0,0],[0,0,0],[0,0,0],[1300,18.5,0],[1400,25,1]]
AirConditioner	100330	THERMOSTAT_PROG_COOLING_WITH_OFF_THURSDAY	[[525,15.5,0],[1110,20,1],[0,0,0],[0,0,0],[0,0,0],[0,0,0],[0,0,0],[1300,18.5,0],[1400,25,1]]
AirConditioner	100331	THERMOSTAT_PROG_COOLING_WITH_OFF_FRIDAY	[[525,15.5,0],[1110,20,1],[0,0,0],[0,0,0],[0,0,0],[0,0,0],[0,0,0],[1300,18.5,0],[1400,25,1]]
AirConditioner	100332	THERMOSTAT_PROG_COOLING_WITH_OFF_SATURDAY	[[525,15.5,0],[1110,20,1],[0,0,0],[0,0,0],[0,0,0],[0,0,0],[0,0,0],[1300,18.5,0],[1400,25,1]]
AirConditioner	100333	THERMOSTAT_PROG_COOLING_WITH_OFF_SUNDAY	[[525,15.5,0],[1110,20,1],[0,0,0],[0,0,0],[0,0,0],[0,0,0],[0,0,0],[1300,18.5,0],[1400,25,1]]
Darwin	117	ROOM_AMBIENT_TEMPERATURE	18.0
Darwin	40	ROOM_CURRENT_HEATING_TARGET_TEMPERATURE	9.0
Darwin	177	ROOM_CURRENT_COOLING_TARGET_TEMPERATURE	22.0
Darwin	172	ABSENCE_HEATING	20.0
Darwin	171	ABSENCE_COOLING	12.0
Darwin	160	HEATING_MINIMUM_TEMPERATURE	8.0
Darwin	196	THERMOSTAT_PROG_HEATING_MONDAY	[[525,15.5],[1110,20],[0,0],[0,0],[0,0],[0,0],[0,0],[1300,18.5],[1400,25]]
Darwin	197	THERMOSTAT_PROG_HEATING_TUESDAY	[[0,15.5],[1110,20],[0,0],[0,0],[0,0],[0,0],[0,0],[0,0],[0,0],[0,0]]
Darwin	198	THERMOSTAT_PROG_HEATING_WEDNESDAY	[[525,15.5],[1110,20],[0,0],[0,0],[0,0],[0,0],[0,0],[0,0],[0,0],[0,0]]
Darwin	199	THERMOSTAT_PROG_HEATING_THURSDAY	[[525,15.5],[1110,20],[0,0],[0,0],[0,0],[0,0],[0,0],[0,0],[0,0],[0,0]]
Darwin	200	THERMOSTAT_PROG_HEATING_FRIDAY	[[525,15.5],[1110,20],[0,0],[0,0],[0,0],[0,0],[0,0],[0,0],[0,0],[0,0]]
Darwin	201	THERMOSTAT_PROG_HEATING_SATURDAY	[[525,15.5],[1110,20],[0,0],[0,0],[0,0],[0,0],[0,0],[0,0],[0,0],[0,0]]
Darwin	202	THERMOSTAT_PROG_HEATING_SUNDAY	[[525,15.5],[1110,20],[0,0],[0,0],[0,0],[0,0],[0,0],[0,0],[0,0],[0,0]]
Darwin	203	THERMOSTAT_PROG_COOLING_MONDAY	[[525,15.5],[1110,20],[0,0],[0,0],[0,0],[0,0],[0,0],[0,0],[0,0],[0,0]]
Darwin	204	THERMOSTAT_PROG_COOLING_TUESDAY	[[525,15.5],[1110,20],[0,0],[0,0],[0,0],[0,0],[0,0],[0,0],[0,0],[0,0]]
Darwin	205	THERMOSTAT_PROG_COOLING_WEDNESDAY	[[525,15.5],[1110,20],[0,0],[0,0],[0,0],[0,0],[0,0],[0,0],[0,0],[0,0]]
Darwin	206	THERMOSTAT_PROG_COOLING_THURSDAY	[[525,15.5],[1110,20],[0,0],[0,0],[0,0],[0,0],[0,0],[0,0],[0,0],[0,0]]
Darwin	207	THERMOSTAT_PROG_COOLING_FRIDAY	[[525,15.5],[1110,20],[0,0],[0,0],[0,0],[0,0],[0,0],[0,0],[0,0],[0,0]]
Darwin	208	THERMOSTAT_PROG_COOLING_SATURDAY	[[525,15.5],[1110,20],[0,0],[0,0],[0,0],[0,0],[0,0],[0,0],[0,0],[0,0]]
Darwin	209	THERMOSTAT_PROG_COOLING_SUNDAY	[[525,15.5],[1110,20],[0,0],[0,0],[0,0],[0,0],[0,0],[0,0],[0,0],[0,0]]
Darwin	100320	THERMOSTAT_PROG_HEATING_WITH_OFF_MONDAY	[[15,20,0],[525,15.5,0],[1110,30,0],[1300,18.5,0],[0,0,0],[0,0,0],[0,0,0],[1430,10,0],[1435,25,0]]
Darwin	100321	THERMOSTAT_PROG_HEATING_WITH_OFF_TUESDAY	[[525,15.5,0],[1110,20,1],[0,0,0],[0,0,0],[0,0,0],[0,0,0],[0,0,0],[1300,18.5,0],[1400,25,1]]
Darwin	100322	THERMOSTAT_PROG_HEATING_WITH_OFF_WEDNESDAY	[[525,15.5,0],[1110,20,1],[0,0,0],[0,0,0],[0,0,0],[0,0,0],[0,0,0],[1300,18.5,0],[1400,25,1]]
Darwin	100323	THERMOSTAT_PROG_HEATING_WITH_OFF_THURSDAY	[[525,15.5,0],[1110,20,1],[0,0,0],[0,0,0],[0,0,0],[0,0,0],[0,0,0],[1300,18.5,0],[1400,25,1]]
Darwin	100324	THERMOSTAT_PROG_HEATING_WITH_OFF_FRIDAY	[[525,15.5,0],[1110,20,1],[0,0,0],[0,0,0],[0,0,0],[0,0,0],[0,0,0],[1300,18.5,0],[1400,25,1]]
Darwin	100325	THERMOSTAT_PROG_HEATING_WITH_OFF_SATURDAY	[[525,15.5,0],[1110,20,1],[0,0,0],[0,0,0],[0,0,0],[0,0,0],[0,0,0],[1300,18.5,0],[1400,25,1]]
Darwin	100326	THERMOSTAT_PROG_HEATING_WITH_OFF_SUNDAY	[[700,20,0],[0,0,0]]
Darwin	100327	THERMOSTAT_PROG_COOLING_WITH_OFF_MONDAY	[[525,15.5,0],[1110,20,0],[0,0,0],[0,0,0],[0,0,0],[0,0,0],[1300,18.5,0],[1410,10,0],[1420,25,0]]
Darwin	100328	THERMOSTAT_PROG_COOLING_WITH_OFF_TUESDAY	[[525,15.5,0],[1110,20,1],[0,0,0],[0,0,0],[0,0,0],[0,0,0],[0,0,0],[1300,18.5,0],[1400,25,1]]
Darwin	100329	THERMOSTAT_PROG_COOLING_WITH_OFF_WEDNESDAY	[[525,15.5,0],[1110,20,1],[0,0,0],[0,0,0],[0,0,0],[0,0,0],[0,0,0],[1300,18.5,0],[1400,25,1]]
Darwin	100330	THERMOSTAT_PROG_COOLING_WITH_OFF_THURSDAY	[[525,15.5,0],[1110,20,1],[0,0,0],[0,0,0],[0,0,0],[0,0,0],[0,0,0],[1300,18.5,0],[1400,25,1]]
Darwin	100331	THERMOSTAT_PROG_COOLING_WITH_OFF_FRIDAY	[[525,15.5,0],[1110,20,1],[0,0,0],[0,0,0],[0,0,0],[0,0,0],[0,0,0],[1300,18.5,0],[1400,25,1]]
Darwin	100332	THERMOSTAT_PROG_COOLING_WITH_OFF_SATURDAY	[[525,15.5,0],[1110,20,1],[0,0,0],[0,0,0],[0,0,0],[0,0,0],[0,0,0],[1300,18.5,0],[1400,25,1]]
Darwin	100333	THERMOSTAT_PROG_COOLING_WITH_OFF_SUNDAY	[[525,15.5,0],[1110,20,1],[0,0,0],[0,0,0],[0,0,0],[0,0,0],[0,0,0],[1300,18.5,0],[1400,25,1]]
HDG2	271	DHW_STATE_OF_CHARGE	86
HDG2	117	ROOM_AMBIENT_TEMPERATURE	18.0
HDG2	40	ROOM_CURRENT_HEATING_TARGET_TEMPERATURE	9.0
HDG2	177	ROOM_CURRENT_COOLING_TARGET_TEMPERATURE	22.0
HDG2	172	ABSENCE_HEATING	20.0
HDG2	171	ABSENCE_COOLING	12.0
HDG2	160	HEATING_MINIMUM_TEMPERATURE	8.0
HDG2	245	DHW_PROG_IN_RANGE_MONDAY	[[0,60],[0,0],[0,0],[0,0]]
HDG2	246	DHW_PROG_IN_RANGE_TUESDAY	[[60,120],[0,0],[0,0],[0,0]]
HDG2	247	DHW_PROG_IN_RANGE_WEDNESDAY	[[180,240],[700,900],[1000,1180],[0,0]]
HDG2	248	DHW_PROG_IN_RANGE_THURSDAY	[[600,900],[0,0],[0,0],[0,0]]
HDG2	249	DHW_PROG_IN_RANGE_FRIDAY	[[60,120],[0,0],[0,0],[0,0]]
HDG2	250	DHW_PROG_IN_RANGE_SATURDAY	[[60,180],[0,0],[0,0],[0,0]]
HDG2	251	DHW_PROG_IN_RANGE_SUNDAY	[[360,700],[0,0],[0,0],[0,0]]
HDG2	237	DHW_PROG_MILESTONE_MONDAY	[[0,50],[0,0],[0,0],[0,0]]
HDG2	238	DHW_PROG_MILESTONE_TUESDAY	[[0,54],[0,0],[0,0],[0,0]]
HDG2	239	DHW_PROG_MILESTONE_WEDNESDAY	[[0,58],[0,0],[0,0],[0,0]]
HDG2	240	DHW_PROG_MILESTONE_THURSDAY	[[0,62],[0,0],[0,0],[0,0]]
HDG2	241	DHW_PROG_MILESTONE_FRIDAY	[[0,65],[0,0],[0,0],[0,0]]
HDG2	242	DHW_PROG_MILESTONE_SATURDAY	[[0,50],[0,0],[0,0],[0,0]]
HDG2	243	DHW_PROG_MILESTONE_SUNDAY	[[0,54],[0,0],[0,0],[0,0]]
