SYSTEM_OPERATION_SERVICE_REQUESTED_CAPABILITY	7
ROOM_CURRENT_HEATING_TARGET_TEMPERATURE	40
DHW_OPERATING_STATUS_CAPABILITY	86
DHW_CURRENT_MODE	87
ROOM_NAME	154
ROOM_OVERRIDE_SET_POINT_ACTIVATION	157
OVERRIDE_SET_POINT_DURATION	158
DHW_BOOST_ON	165
ABSENCE_HEATING	172
ROOM_CURRENT_COOLING_TARGET_TEMPERATURE	177
ROOM_SYSTEM_CURRENT_MODE	184
THERMOSTAT_PROG_HEATING_MONDAY	196
THERMOSTAT_PROG_HEATING_TUESDAY	197
THERMOSTAT_PROG_HEATING_WEDNESDAY	198
THERMOSTAT_PROG_HEATING_THURSDAY	199
THERMOSTAT_PROG_HEATING_FRIDAY	200
THERMOSTAT_PROG_HEATING_SATURDAY	201
THERMOSTAT_PROG_HEATING_SUNDAY	202
THERMOSTAT_PROG_COOLING_MONDAY	203
THERMOSTAT_PROG_COOLING_TUESDAY	204
THERMOSTAT_PROG_COOLING_WEDNESDAY	205
THERMOSTAT_PROG_COOLING_THURSDAY	206
THERMOSTAT_PROG_COOLING_FRIDAY	207
THERMOSTAT_PROG_COOLING_SATURDAY	208
THERMOSTAT_PROG_COOLING_SUNDAY	209
ABSENCE_HOME_DATE	222
ABSENCE_DHW_DATE	226
ABSENCE_DHW_STATE	227
DHW_CURRENT_HEATING_TYPE	230
DHW_CURRENT_MANUAL_TARGET_SET_BY_USER	231
DHW_BOOST_MINUTES	232
DHW_PROG_MILESTONE_MONDAY	237
DHW_PROG_MILESTONE_TUESDAY	238
DHW_PROG_MILESTONE_WEDNESDAY	239
DHW_PROG_MILESTONE_THURSDAY	240
DHW_PROG_MILESTONE_FRIDAY	241
DHW_PROG_MILESTONE_SATURDAY	242
DHW_PROG_MILESTONE_SUNDAY	243
DHW_PROG_IN_RANGE_MONDAY	245
DHW_PROG_IN_RANGE_TUESDAY	246
DHW_PROG_IN_RANGE_WEDNESDAY	247
DHW_PROG_IN_RANGE_THURSDAY	248
DHW_PROG_IN_RANGE_FRIDAY	249
DHW_PROG_IN_RANGE_SATURDAY	250
DHW_PROG_IN_RANGE_SUNDAY	251
DHW_HOT_WATER_LEVEL_REQUESTED	292
VENTILATION_WINK_REQUEST	100078
VENTILATION_ADAPTIVE_PLANNING	100102
VENTILATION_UNEXPECTED_EVENTS	100103
ABSENCE_ROOM_DATE	100260
THERMOSTAT_PROG_HEATING_WITH_OFF_MONDAY	100320
THERMOSTAT_PROG_HEATING_WITH_OFF_TUESDAY	100321
THERMOSTAT_PROG_HEATING_WITH_OFF_WEDNESDAY	100322
THERMOSTAT_PROG_HEATING_WITH_OFF_THURSDAY	100323
THERMOSTAT_PROG_HEATING_WITH_OFF_FRIDAY	100324
THERMOSTAT_PROG_HEATING_WITH_OFF_SATURDAY	100325
THERMOSTAT_PROG_HEATING_WITH_OFF_SUNDAY	100326
THERMOSTAT_PROG_COOLING_WITH_OFF_MONDAY	100327
THERMOSTAT_PROG_COOLING_WITH_OFF_TUESDAY	100328
THERMOSTAT_PROG_COOLING_WITH_OFF_WEDNESDAY	100329
THERMOSTAT_PROG_COOLING_WITH_OFF_THURSDAY	100330
THERMOSTAT_PROG_COOLING_WITH_OFF_FRIDAY	100331
THERMOSTAT_PROG_COOLING_WITH_OFF_SATURDAY	100332
THERMOSTAT_PROG_COOLING_WITH_OFF_SUNDAY	100333
THERMOSTAT_LIFESTYLE_HEATING_MONDAY	100334
THERMOSTAT_LIFESTYLE_HEATING_TUESDAY	100335
THERMOSTAT_LIFESTYLE_HEATING_WEDNESDAY	100336
THERMOSTAT_LIFESTYLE_HEATING_THURSDAY	100337
THERMOSTAT_LIFESTYLE_HEATING_FRIDAY	100338
THERMOSTAT_LIFESTYLE_HEATING_SATURDAY	100339
THERMOSTAT_LIFESTYLE_HEATING_SUNDAY	100341
VENTILATION_HEATING_ANTICIPATION	100450
VENTILATION_CURRENT_POWERFUL_MODE	100505
VENTILATION_CURRENT_PRESENCE_DETECTION_MODE	100506
VENTILATION_CURRENT_ENERGY_SAVING_MODE	100507
VENTILATION_CURRENT_SPEED_MODE	100801
VENTILATION_QUIET_MODE	100802
VENTILATION_POSITION_OF_SHUTTERS_MODE	100803
VENTILATION_SWING_MODE	100804
AIR_MIXING_SPEED	102004
AIR_MIXING_ACTUAL_MODE	102020
AIR_MIXING_DURATION	102021
AIR_MIXING_ACTIVATION	102024
VENTILATION_BOOST_OPTION	104044
VENTILATION_OPEN_WINDOW_DETECTION	104050
DHW_COMFORT_MODE	105636
DHW_V40_APPLIED_SETPOINT	105906
