capabilityId	androidName	kind	returnType	reader	decoder	file
-100	INFO_DEFROST_EU	feature	String	getDefrostEU		features/information/IInformationFeature
7	SYSTEM_OPERATION_SERVICE_REQUESTED_CAPABILITY	feature	?	?		features/service/IServiceFeature
7	SYSTEM_OPERATION_SERVICE_REQUESTED_CAPABILITY	feature	Completable	writeCurrentService		features/service/IServiceFeature
7	SYSTEM_OPERATION_SERVICE_REQUESTED_CAPABILITY	feature	Service	getRequestedService	enum	features/service/IServiceFeature
7	SYSTEM_OPERATION_SERVICE_REQUESTED_CAPABILITY	ui	void	updateDebugViews		com/modulotech/atlantic/views/devices/steering/gacoma/base/BaseSteeringCircleDebugFeature
22	DHW_TARGET_BY_USER_MODE	feature	float	getTargetByUserMode		features/dhw/IDHWFeature
40	ROOM_CURRENT_HEATING_TARGET_TEMPERATURE	feature	Completable	writeTargetTemperature		features/temperature/ITemperatureFeature
40	ROOM_CURRENT_HEATING_TARGET_TEMPERATURE	feature	float	getTargetTemperature	float	features/temperature/ITemperatureFeature
40	ROOM_CURRENT_HEATING_TARGET_TEMPERATURE	ui	void	updateDebugViews		com/modulotech/atlantic/views/devices/steering/gacoma/base/BaseSteeringCircleDebugFeature
73	AVAILABLE_THERMOSTAT_MODE	feature	ThermostatMode	getSupportedThermostatMode	enum	features/service/IServiceFeature
86	DHW_OPERATING_STATUS_CAPABILITY	feature	Completable	writeDHWOperationMode		features/dhw/IDHWFeature
86	DHW_OPERATING_STATUS_CAPABILITY	feature	DHWOperatingStatus	getDhwOperatingStatus	enum	features/dhw/IDHWFeature
86	DHW_OPERATING_STATUS_CAPABILITY	ui	void	updateDebugViews		com/modulotech/atlantic/views/devices/steering/gacoma/darwin/DarwinDHWView
86	DHW_OPERATING_STATUS_CAPABILITY	ui	void	updateDebugViews		com/modulotech/atlantic/views/devices/steering/gacoma/waterdrop/BaseWaterDropDebugFeature
86	DHW_OPERATING_STATUS_CAPABILITY	ui	void	updateDebugViews		com/modulotech/atlantic/views/devices/steering/gacoma/waterdrop/BaseWaterDropDebugFeatureV2
87	DHW_CURRENT_MODE	feature	?	?		features/mode/IModeFeature
87	DHW_CURRENT_MODE	feature	DHWMode	getCurrentDHWMode	enum	features/mode/IModeFeature
87	DHW_CURRENT_MODE	ui	void	updateDebugViews		com/modulotech/atlantic/views/devices/steering/gacoma/waterdrop/BaseWaterDropDebugFeature
87	DHW_CURRENT_MODE	ui	void	updateDebugViews		com/modulotech/atlantic/views/devices/steering/gacoma/waterdrop/BaseWaterDropDebugFeatureV2
93	ZONES_COUNT	feature	int	getZoneCount		features/homesettings/IHomeSettingsFeature
99	DHW_HEATING_STATUS	feature	DHWHeatingStatus	getDhwHeatingStatus	enum	features/heatingstate/IHeatingStateFeature
99	DHW_HEATING_STATUS	ui	void	updateDebugViews		com/modulotech/atlantic/views/devices/steering/gacoma/waterdrop/BaseWaterDropDebugFeature
99	DHW_HEATING_STATUS	ui	void	updateDebugViews		com/modulotech/atlantic/views/devices/steering/gacoma/waterdrop/BaseWaterDropDebugFeatureV2
117	ROOM_AMBIENT_TEMPERATURE	feature	float	getCurrentTemperature	float	features/temperature/ITemperatureFeature
117	ROOM_AMBIENT_TEMPERATURE	ui	void	updateDebugViews		com/modulotech/atlantic/views/devices/steering/gacoma/base/BaseSteeringCircleDebugFeature
150	ERROR_CODE_HOME	feature	List<DeviceError.GacomaError>	getHomeErrors		features/error/IErrorsFeature
152	ABSENCE_HOME_STATE	feature	GacomaAbsenceState	getAbsenceHomeState	enum	features/absence/IAbsenceFeature
152	ABSENCE_HOME_STATE	ui	void	updateDebugViews		com/modulotech/atlantic/views/devices/steering/gacoma/base/BaseSteeringCircleDebugFeature
152	ABSENCE_HOME_STATE	ui	void	updateDebugViews		com/modulotech/atlantic/views/devices/steering/gacoma/darwin/DarwinDHWView
153	HEATING_STATUS	feature	HeatingStatus	getHeatingStatus	enum	features/heatingstate/IHeatingStateFeature
153	HEATING_STATUS	ui	void	updateDebugViews		com/modulotech/atlantic/views/devices/steering/gacoma/base/BaseSteeringCircleDebugFeature
154	ROOM_NAME	feature	?	sendEvents		com/modulotech/atlantic/fragments/place/edit/EditPlaceViewModel
154	ROOM_NAME	feature	Completable	writeRoomName		features/homesettings/IHomeSettingsFeature
154	ROOM_NAME	feature	Object	invokeSuspend		com/modulotech/atlantic/models/IOTHubStep$Magellan$WriteDeviceName$executeInternal$4$1
154	ROOM_NAME	feature	Pair<Painter, String>	getPlaceInfoByDevice		com/modulotech/atlantic/fragments/place/list/PlaceListScreenKt
154	ROOM_NAME	feature	String	beautifyZoneName		com/modulotech/atlantic/extensions/GacomaDeviceExtensionsKt
154	ROOM_NAME	feature	String	getRoomName		features/homesettings/IHomeSettingsFeature
154	ROOM_NAME	feature	void	bind		com/modulotech/atlantic/adapters/PlaceAdapter
154	ROOM_NAME	ui	void	updateDebugViews		com/modulotech/atlantic/views/devices/steering/gacoma/base/BaseSteeringCircleDebugFeature
154	ROOM_NAME	ui	void	updateDebugViews		com/modulotech/atlantic/views/devices/steering/gacoma/waterdrop/BaseWaterDropDebugFeature
154	ROOM_NAME	ui	void	updateDebugViews		com/modulotech/atlantic/views/devices/steering/gacoma/waterdrop/BaseWaterDropDebugFeatureV2
157	ROOM_OVERRIDE_SET_POINT_ACTIVATION	feature	Completable	writeDerogation		features/derogation/IDerogationFeature
157	ROOM_OVERRIDE_SET_POINT_ACTIVATION	feature	boolean	isInDerogation		features/derogation/IDerogationFeature
157	ROOM_OVERRIDE_SET_POINT_ACTIVATION	ui	void	updateDebugViews		com/modulotech/atlantic/views/devices/steering/gacoma/base/BaseSteeringCircleDebugFeature
158	OVERRIDE_SET_POINT_DURATION	feature	Completable	writeDerogationTime		features/derogation/IDerogationFeature
158	OVERRIDE_SET_POINT_DURATION	feature	long	getSavedDerogationTime		features/derogation/IDerogationFeature
158	OVERRIDE_SET_POINT_DURATION	ui	void	updateDebugViews		com/modulotech/atlantic/views/devices/steering/gacoma/base/BaseSteeringCircleDebugFeature
159	ROOM_OVERRIDE_SET_POINT_REMAINING	feature	long	getDerogationTime		features/derogation/IDerogationFeature
160	HEATING_MINIMUM_TEMPERATURE	feature	float	getMinHeatTemperature	float	features/temperature/ITemperatureFeature
160	HEATING_MINIMUM_TEMPERATURE	ui	void	updateDebugViews		com/modulotech/atlantic/views/devices/steering/gacoma/base/BaseSteeringCircleDebugFeature
161	HEATING_MAXIMUM_TEMPERATURE	feature	float	getMaxHeatTemperature	float	features/temperature/ITemperatureFeature
161	HEATING_MAXIMUM_TEMPERATURE	ui	void	updateDebugViews		com/modulotech/atlantic/views/devices/steering/gacoma/base/BaseSteeringCircleDebugFeature
162	COOLING_MINIMUM_TEMPERATURE	feature	float	getMinCoolTemperature	float	features/temperature/ITemperatureFeature
162	COOLING_MINIMUM_TEMPERATURE	ui	void	updateDebugViews		com/modulotech/atlantic/views/devices/steering/gacoma/base/BaseSteeringCircleDebugFeature
163	COOLING_MAXIMUM_TEMPERATURE	feature	float	getMaxCoolTemperature	float	features/temperature/ITemperatureFeature
163	COOLING_MAXIMUM_TEMPERATURE	ui	void	updateDebugViews		com/modulotech/atlantic/views/devices/steering/gacoma/base/BaseSteeringCircleDebugFeature
164	POSSIBLE_LIFT_CONSUMPTION_TYPES	feature	List<ConsumptionType>	getConsumptionTypes	bitfield	features/consumption/IConsumptionFeature
164	POSSIBLE_LIFT_CONSUMPTION_TYPES	ui	?	?		fr/modulotech/app/domain/usecase/device/HasConsumptionDevicesUseCase
164	POSSIBLE_LIFT_CONSUMPTION_TYPES	ui	Boolean	create	bitfield	fr/modulotech/app/domain/usecase/device/HasConsumptionDevicesUseCase
165	DHW_BOOST_ON	feature	Completable	applyBoost		features/dhw/IDHWFeature
165	DHW_BOOST_ON	feature	boolean	isInBoost		features/dhw/IDHWFeature
165	DHW_BOOST_ON	ui	void	updateDebugViews		com/modulotech/atlantic/views/devices/steering/gacoma/waterdrop/BaseWaterDropDebugFeature
165	DHW_BOOST_ON	ui	void	updateDebugViews		com/modulotech/atlantic/views/devices/steering/gacoma/waterdrop/BaseWaterDropDebugFeatureV2
166	SYSTEM_OPERATING_SERVICE_AVAILABLE_CAPABILITIES	feature	List<Service>	getAvailableServices	bitfield	features/service/IServiceFeature
166	SYSTEM_OPERATING_SERVICE_AVAILABLE_CAPABILITIES	ui	void	updateDebugViews		com/modulotech/atlantic/views/devices/steering/gacoma/base/BaseSteeringCircleDebugFeature
168	DHW_AVAILABLE_MODES_CAPABILITIES	feature	List<DHWMode>	getDhwAvailableModes	bitfield	features/mode/IModeFeature
168	DHW_AVAILABLE_MODES_CAPABILITIES	feature	List<DHWMode>	getDhwSupportedModes	bitfield	features/mode/IModeFeature
168	DHW_AVAILABLE_MODES_CAPABILITIES	ui	void	updateDebugViews		com/modulotech/atlantic/views/devices/steering/gacoma/darwin/DarwinDHWView
168	DHW_AVAILABLE_MODES_CAPABILITIES	ui	void	updateDebugViews		com/modulotech/atlantic/views/devices/steering/gacoma/waterdrop/BaseWaterDropDebugFeature
168	DHW_AVAILABLE_MODES_CAPABILITIES	ui	void	updateDebugViews		com/modulotech/atlantic/views/devices/steering/gacoma/waterdrop/BaseWaterDropDebugFeatureV2
171	ABSENCE_COOLING	feature	float	getAbsenceTemperature	float	features/temperature/ITemperatureFeature
171	ABSENCE_COOLING	ui	void	updateDebugViews		com/modulotech/atlantic/views/devices/steering/gacoma/base/BaseSteeringCircleDebugFeature
172	ABSENCE_HEATING	feature	Completable	writeAwayHeating		features/temperature/ITemperatureFeature
172	ABSENCE_HEATING	feature	float	getAbsenceTemperature	float	features/temperature/ITemperatureFeature
172	ABSENCE_HEATING	ui	void	updateDebugViews		com/modulotech/atlantic/views/devices/steering/gacoma/base/BaseSteeringCircleDebugFeature
177	ROOM_CURRENT_COOLING_TARGET_TEMPERATURE	feature	Completable	writeTargetTemperature		features/temperature/ITemperatureFeature
177	ROOM_CURRENT_COOLING_TARGET_TEMPERATURE	feature	float	getTargetTemperature	float	features/temperature/ITemperatureFeature
177	ROOM_CURRENT_COOLING_TARGET_TEMPERATURE	ui	void	updateDebugViews		com/modulotech/atlantic/views/devices/steering/gacoma/base/BaseSteeringCircleDebugFeature
179	WIFI_SIGNAL	feature	Object	invoke		com/modulotech/atlantic/adapters/SettingsDevicesAdapter
179	WIFI_SIGNAL	feature	Object	invoke		com/modulotech/atlantic/fragments/settings/devices/SettingsDeviceItemKt
179	WIFI_SIGNAL	feature	WifiRssiLevel	getWifiRssiLevelForIOTHub		com/modulotech/atlantic/extensions/devices/gacoma/capabilities/WifiGacomaDeviceExtensionsKt
179	WIFI_SIGNAL	ui	void	updateDebugViews		com/modulotech/atlantic/views/devices/steering/gacoma/waterdrop/BaseWaterDropDebugFeature
179	WIFI_SIGNAL	ui	void	updateDebugViews		com/modulotech/atlantic/views/devices/steering/gacoma/waterdrop/BaseWaterDropDebugFeatureV2
181	SERVICE_IN_PROGRESS_MODE	feature	Service	getServiceInProgress	enum	features/service/IServiceFeature
181	SERVICE_IN_PROGRESS_MODE	ui	void	updateDebugViews		com/modulotech/atlantic/views/devices/steering/gacoma/base/BaseSteeringCircleDebugFeature
184	ROOM_SYSTEM_CURRENT_MODE	feature	Completable	writeCurrentMode		features/mode/IModeFeature
184	ROOM_SYSTEM_CURRENT_MODE	feature	Mode	getCurrentMode	enum	features/mode/IModeFeature
184	ROOM_SYSTEM_CURRENT_MODE	ui	void	updateDebugViews		com/modulotech/atlantic/views/devices/steering/gacoma/base/BaseSteeringCircleDebugFeature
188	HOME_SERVICES_CAPABILITIES	feature	List<HomeService>	getHomeServices	bitfield	features/option/IOptionsFeature
196	THERMOSTAT_PROG_HEATING_MONDAY	feature	List<GacomaProgramMilestone>	m12362getGacomaDarwinDayMilestonesO0EQGKo		features/progrrammable/IProgrammableFeature
196	THERMOSTAT_PROG_HEATING_MONDAY	feature	throw new	NoWhenBranchMatchedException		features/progrrammable/IProgrammableFeature
197	THERMOSTAT_PROG_HEATING_TUESDAY	feature	List<GacomaProgramMilestone>	m12362getGacomaDarwinDayMilestonesO0EQGKo		features/progrrammable/IProgrammableFeature
197	THERMOSTAT_PROG_HEATING_TUESDAY	feature	throw new	NoWhenBranchMatchedException		features/progrrammable/IProgrammableFeature
198	THERMOSTAT_PROG_HEATING_WEDNESDAY	feature	List<GacomaProgramMilestone>	m12362getGacomaDarwinDayMilestonesO0EQGKo		features/progrrammable/IProgrammableFeature
198	THERMOSTAT_PROG_HEATING_WEDNESDAY	feature	throw new	NoWhenBranchMatchedException		features/progrrammable/IProgrammableFeature
199	THERMOSTAT_PROG_HEATING_THURSDAY	feature	List<GacomaProgramMilestone>	m12362getGacomaDarwinDayMilestonesO0EQGKo		features/progrrammable/IProgrammableFeature
199	THERMOSTAT_PROG_HEATING_THURSDAY	feature	throw new	NoWhenBranchMatchedException		features/progrrammable/IProgrammableFeature
200	THERMOSTAT_PROG_HEATING_FRIDAY	feature	List<GacomaProgramMilestone>	m12362getGacomaDarwinDayMilestonesO0EQGKo		features/progrrammable/IProgrammableFeature
200	THERMOSTAT_PROG_HEATING_FRIDAY	feature	throw new	NoWhenBranchMatchedException		features/progrrammable/IProgrammableFeature
201	THERMOSTAT_PROG_HEATING_SATURDAY	feature	List<GacomaProgramMilestone>	m12362getGacomaDarwinDayMilestonesO0EQGKo		features/progrrammable/IProgrammableFeature
201	THERMOSTAT_PROG_HEATING_SATURDAY	feature	throw new	NoWhenBranchMatchedException		features/progrrammable/IProgrammableFeature
202	THERMOSTAT_PROG_HEATING_SUNDAY	feature	List<GacomaProgramMilestone>	m12362getGacomaDarwinDayMilestonesO0EQGKo		features/progrrammable/IProgrammableFeature
202	THERMOSTAT_PROG_HEATING_SUNDAY	feature	throw new	NoWhenBranchMatchedException		features/progrrammable/IProgrammableFeature
203	THERMOSTAT_PROG_COOLING_MONDAY	feature	List<GacomaProgramMilestone>	m12362getGacomaDarwinDayMilestonesO0EQGKo		features/progrrammable/IProgrammableFeature
203	THERMOSTAT_PROG_COOLING_MONDAY	feature	throw new	NoWhenBranchMatchedException		features/progrrammable/IProgrammableFeature
204	THERMOSTAT_PROG_COOLING_TUESDAY	feature	List<GacomaProgramMilestone>	m12362getGacomaDarwinDayMilestonesO0EQGKo		features/progrrammable/IProgrammableFeature
204	THERMOSTAT_PROG_COOLING_TUESDAY	feature	throw new	NoWhenBranchMatchedException		features/progrrammable/IProgrammableFeature
205	THERMOSTAT_PROG_COOLING_WEDNESDAY	feature	List<GacomaProgramMilestone>	m12362getGacomaDarwinDayMilestonesO0EQGKo		features/progrrammable/IProgrammableFeature
205	THERMOSTAT_PROG_COOLING_WEDNESDAY	feature	throw new	NoWhenBranchMatchedException		features/progrrammable/IProgrammableFeature
206	THERMOSTAT_PROG_COOLING_THURSDAY	feature	List<GacomaProgramMilestone>	m12362getGacomaDarwinDayMilestonesO0EQGKo		features/progrrammable/IProgrammableFeature
206	THERMOSTAT_PROG_COOLING_THURSDAY	feature	throw new	NoWhenBranchMatchedException		features/progrrammable/IProgrammableFeature
207	THERMOSTAT_PROG_COOLING_FRIDAY	feature	List<GacomaProgramMilestone>	m12362getGacomaDarwinDayMilestonesO0EQGKo		features/progrrammable/IProgrammableFeature
207	THERMOSTAT_PROG_COOLING_FRIDAY	feature	throw new	NoWhenBranchMatchedException		features/progrrammable/IProgrammableFeature
208	THERMOSTAT_PROG_COOLING_SATURDAY	feature	List<GacomaProgramMilestone>	m12362getGacomaDarwinDayMilestonesO0EQGKo		features/progrrammable/IProgrammableFeature
208	THERMOSTAT_PROG_COOLING_SATURDAY	feature	throw new	NoWhenBranchMatchedException		features/progrrammable/IProgrammableFeature
209	THERMOSTAT_PROG_COOLING_SUNDAY	feature	List<GacomaProgramMilestone>	m12362getGacomaDarwinDayMilestonesO0EQGKo		features/progrrammable/IProgrammableFeature
209	THERMOSTAT_PROG_COOLING_SUNDAY	feature	throw new	NoWhenBranchMatchedException		features/progrrammable/IProgrammableFeature
217	SYSTEM_AVAILABLE_MODES_CAPABILITIES	feature	List<Mode>	getAvailableModes	bitfield	features/mode/IModeFeature
217	SYSTEM_AVAILABLE_MODES_CAPABILITIES	feature	List<Mode>	getSupportedModes	bitfield	features/mode/IModeFeature
217	SYSTEM_AVAILABLE_MODES_CAPABILITIES	ui	void	updateDebugViews		com/modulotech/atlantic/views/devices/steering/gacoma/base/BaseSteeringCircleDebugFeature
218	WIFI_CONNECTED	feature	Object	invoke		com/modulotech/atlantic/adapters/SettingsDevicesAdapter
218	WIFI_CONNECTED	feature	Object	invoke		com/modulotech/atlantic/fragments/settings/devices/SettingsDeviceItemKt
218	WIFI_CONNECTED	feature	boolean	isAlive		GacomaDevice
218	WIFI_CONNECTED	feature	boolean	isWifiConnected		com/modulotech/atlantic/extensions/devices/gacoma/capabilities/WifiGacomaDeviceExtensionsKt
222	ABSENCE_HOME_DATE	feature	Completable	writeHomeAbsenceDate		features/absence/IAbsenceFeature
222	ABSENCE_HOME_DATE	feature	return	getAbsenceFromCapabilityValue		features/absence/IAbsenceFeature
223	DHW_AVAILABLE_HEATING_TYPE	feature	List<DHWHeatingType>	getDhwAvailableHeatingTypes	bitfield	features/dhw/IDHWFeature
224	DHW_ESTIMATION_SUPPORT	feature	boolean	getEstimationSupport	bitfield	features/mode/IModeFeature
226	ABSENCE_DHW_DATE	feature	Completable	writeDHWAbsenceDate		features/absence/IAbsenceFeature
226	ABSENCE_DHW_DATE	feature	return	getAbsenceFromCapabilityValue		features/absence/IAbsenceFeature
226	ABSENCE_DHW_DATE	ui	void	updateDebugViews		com/modulotech/atlantic/views/devices/steering/gacoma/waterdrop/BaseWaterDropDebugFeature
226	ABSENCE_DHW_DATE	ui	void	updateDebugViews		com/modulotech/atlantic/views/devices/steering/gacoma/waterdrop/BaseWaterDropDebugFeatureV2
227	ABSENCE_DHW_STATE	feature	Completable	writeDHWAbsenceState		features/absence/IAbsenceFeature
227	ABSENCE_DHW_STATE	feature	GacomaAbsenceState	getDhwAbsenceState	enum	features/absence/IAbsenceFeature
227	ABSENCE_DHW_STATE	ui	void	updateDebugViews		com/modulotech/atlantic/views/devices/steering/gacoma/waterdrop/BaseWaterDropDebugFeature
227	ABSENCE_DHW_STATE	ui	void	updateDebugViews		com/modulotech/atlantic/views/devices/steering/gacoma/waterdrop/BaseWaterDropDebugFeatureV2
228	ABSENCE_DHW_TEMPERATURE	feature	float	getDhwAbsenceTemperature	float	features/absence/IAbsenceFeature
230	DHW_CURRENT_HEATING_TYPE	feature	Completable	writeCurrentDHWHeatingType		features/dhw/IDHWFeature
230	DHW_CURRENT_HEATING_TYPE	feature	DHWHeatingType	getDhwCurrentHeatingType	enum	features/dhw/IDHWFeature
230	DHW_CURRENT_HEATING_TYPE	ui	void	updateDebugViews		com/modulotech/atlantic/views/devices/steering/gacoma/waterdrop/BaseWaterDropDebugFeature
230	DHW_CURRENT_HEATING_TYPE	ui	void	updateDebugViews		com/modulotech/atlantic/views/devices/steering/gacoma/waterdrop/BaseWaterDropDebugFeatureV2
231	DHW_CURRENT_MANUAL_TARGET_SET_BY_USER	feature	Completable	writeManualTargetSetByUser		features/dhw/IDHWFeature
231	DHW_CURRENT_MANUAL_TARGET_SET_BY_USER	feature	float	getCurrentManualTargetSetByUser		features/dhw/IDHWFeature
231	DHW_CURRENT_MANUAL_TARGET_SET_BY_USER	ui	void	updateDebugViews		com/modulotech/atlantic/views/devices/steering/gacoma/waterdrop/BaseWaterDropDebugFeatureV2
232	DHW_BOOST_MINUTES	feature	Completable	writeBoostDuration		features/dhw/IDHWFeature
232	DHW_BOOST_MINUTES	feature	long	m12347getBoostDurationUwyO8pc	long	features/dhw/IDHWFeature
232	DHW_BOOST_MINUTES	ui	void	updateDebugViews		com/modulotech/atlantic/views/devices/steering/gacoma/waterdrop/BaseWaterDropDebugFeature
232	DHW_BOOST_MINUTES	ui	void	updateDebugViews		com/modulotech/atlantic/views/devices/steering/gacoma/waterdrop/BaseWaterDropDebugFeatureV2
236	DHW_MAX_NUMBER_MILESTONE_PER_DAY	feature	double	getDhwMaxMilestonePerDayCount		features/progrrammable/IProgrammableFeature
237	DHW_PROG_MILESTONE_MONDAY	feature	?	?		features/progrrammable/IHotWaterProgrammationFeature
237	DHW_PROG_MILESTONE_MONDAY	feature	throw new	IllegalStateException		features/progrrammable/IHotWaterProgrammationFeature
238	DHW_PROG_MILESTONE_TUESDAY	feature	?	?		features/progrrammable/IHotWaterProgrammationFeature
238	DHW_PROG_MILESTONE_TUESDAY	feature	throw new	IllegalStateException		features/progrrammable/IHotWaterProgrammationFeature
239	DHW_PROG_MILESTONE_WEDNESDAY	feature	?	?		features/progrrammable/IHotWaterProgrammationFeature
239	DHW_PROG_MILESTONE_WEDNESDAY	feature	throw new	IllegalStateException		features/progrrammable/IHotWaterProgrammationFeature
240	DHW_PROG_MILESTONE_THURSDAY	feature	?	?		features/progrrammable/IHotWaterProgrammationFeature
240	DHW_PROG_MILESTONE_THURSDAY	feature	throw new	IllegalStateException		features/progrrammable/IHotWaterProgrammationFeature
241	DHW_PROG_MILESTONE_FRIDAY	feature	?	?		features/progrrammable/IHotWaterProgrammationFeature
241	DHW_PROG_MILESTONE_FRIDAY	feature	throw new	IllegalStateException		features/progrrammable/IHotWaterProgrammationFeature
242	DHW_PROG_MILESTONE_SATURDAY	feature	?	?		features/progrrammable/IHotWaterProgrammationFeature
242	DHW_PROG_MILESTONE_SATURDAY	feature	throw new	IllegalStateException		features/progrrammable/IHotWaterProgrammationFeature
243	DHW_PROG_MILESTONE_SUNDAY	feature	?	?		features/progrrammable/IHotWaterProgrammationFeature
243	DHW_PROG_MILESTONE_SUNDAY	feature	throw new	IllegalStateException		features/progrrammable/IHotWaterProgrammationFeature
244	DHW_MAX_NUMBER_PROGRAMMING_RANGE_PER_DAY	feature	int	getMaxProgRangeCountPerDay	int	features/proginrange/IProgInRangeFeature
245	DHW_PROG_IN_RANGE_MONDAY	feature	?	?		features/proginrange/IProgInRangeFeature
245	DHW_PROG_IN_RANGE_MONDAY	feature	List<GacomaTimeSlot>	getDeviceProgRanges		features/proginrange/IProgInRangeFeature
246	DHW_PROG_IN_RANGE_TUESDAY	feature	?	?		features/proginrange/IProgInRangeFeature
246	DHW_PROG_IN_RANGE_TUESDAY	feature	List<GacomaTimeSlot>	getDeviceProgRanges		features/proginrange/IProgInRangeFeature
247	DHW_PROG_IN_RANGE_WEDNESDAY	feature	?	?		features/proginrange/IProgInRangeFeature
247	DHW_PROG_IN_RANGE_WEDNESDAY	feature	List<GacomaTimeSlot>	getDeviceProgRanges		features/proginrange/IProgInRangeFeature
248	DHW_PROG_IN_RANGE_THURSDAY	feature	?	?		features/proginrange/IProgInRangeFeature
248	DHW_PROG_IN_RANGE_THURSDAY	feature	List<GacomaTimeSlot>	getDeviceProgRanges		features/proginrange/IProgInRangeFeature
249	DHW_PROG_IN_RANGE_FRIDAY	feature	?	?		features/proginrange/IProgInRangeFeature
249	DHW_PROG_IN_RANGE_FRIDAY	feature	List<GacomaTimeSlot>	getDeviceProgRanges		features/proginrange/IProgInRangeFeature
250	DHW_PROG_IN_RANGE_SATURDAY	feature	?	?		features/proginrange/IProgInRangeFeature
250	DHW_PROG_IN_RANGE_SATURDAY	feature	List<GacomaTimeSlot>	getDeviceProgRanges		features/proginrange/IProgInRangeFeature
251	DHW_PROG_IN_RANGE_SUNDAY	feature	?	?		features/proginrange/IProgInRangeFeature
251	DHW_PROG_IN_RANGE_SUNDAY	feature	List<GacomaTimeSlot>	getDeviceProgRanges		features/proginrange/IProgInRangeFeature
252	DHW_MAX_USER_TARGET	feature	float	getMaxUserTarget		features/dhw/IDHWFeature
252	DHW_MAX_USER_TARGET	ui	void	updateDebugViews		com/modulotech/atlantic/views/devices/steering/gacoma/waterdrop/BaseWaterDropDebugFeatureV2
253	DHW_MIN_USER_TARGET	feature	float	getMinUserTarget		features/dhw/IDHWFeature
253	DHW_MIN_USER_TARGET	ui	void	updateDebugViews		com/modulotech/atlantic/views/devices/steering/gacoma/waterdrop/BaseWaterDropDebugFeatureV2
258	DHW_TANK_CAPACITY	feature	float	getTankCapacityInLiter		features/dhw/IDHWFeature
269	V40_ACCUMULATED_CONSUMPTION	feature	String	getV40AccumulatedConsumptions		features/consumption/IConsumptionFeature
271	DHW_STATE_OF_CHARGE	feature	int	getStateOfCharge	int	features/dhw/IDHWFeature
271	DHW_STATE_OF_CHARGE	ui	void	updateDebugViews		com/modulotech/atlantic/views/devices/steering/gacoma/waterdrop/BaseWaterDropDebugFeature
271	DHW_STATE_OF_CHARGE	ui	void	updateDebugViews		com/modulotech/atlantic/views/devices/steering/gacoma/waterdrop/BaseWaterDropDebugFeatureV2
280	DHW_COLD_WATER_TEMPERATURE	feature	float	getColdWaterTemperature		features/dhw/IDHWFeature
280	DHW_COLD_WATER_TEMPERATURE	ui	void	updateDebugViews		com/modulotech/atlantic/views/devices/steering/gacoma/waterdrop/BaseWaterDropDebugFeatureV2
290	ERROR_CODE_DHW	ui	void	updateDebugViews		com/modulotech/atlantic/views/devices/steering/gacoma/waterdrop/BaseWaterDropDebugFeature
290	ERROR_CODE_DHW	ui	void	updateDebugViews		com/modulotech/atlantic/views/devices/steering/gacoma/waterdrop/BaseWaterDropDebugFeatureV2
292	DHW_HOT_WATER_LEVEL_REQUESTED	feature	Completable	writeRequestedHotWaterLevel		features/dhw/IDHWFeature
292	DHW_HOT_WATER_LEVEL_REQUESTED	feature	HotWaterLevel	getRequestedHotWaterLevel	enum	features/dhw/IDHWFeature
292	DHW_HOT_WATER_LEVEL_REQUESTED	ui	void	updateDebugViews		com/modulotech/atlantic/views/devices/steering/gacoma/waterdrop/BaseWaterDropDebugFeature
293	DHW_CURRENT_HOT_WATER_LEVEL	feature	HotWaterLevel	getCurrentHotWaterLevel	enum	features/dhw/IDHWFeature
293	DHW_CURRENT_HOT_WATER_LEVEL	ui	void	updateDebugViews		com/modulotech/atlantic/views/devices/steering/gacoma/waterdrop/BaseWaterDropDebugFeature
294	TEMPERATURE_UPDATE_STEP	feature	float	getTemperatureUpdateStep	float	features/temperature/ITemperatureFeature
295	THERMOSTAT_TIME_MILESTONE_STEP	feature	String	getTimeMilestoneStep		features/progrrammable/IProgrammableFeature
295	THERMOSTAT_TIME_MILESTONE_STEP	feature	int	getGetProgAssistanceInterval	int	features/prog/assistant/IProgAssistantFeature
296	THERMOSTAT_MINIMUM_TIME_BETWEEN_THO_MILESTONES	feature	int	getMinimumTimeBetweenTwoMilestones	int	features/progrrammable/IProgrammableFeature
303	ERROR_CODE_ROOM	feature	List<DeviceError.GacomaError>	getRoomErrors		features/error/IErrorsFeature
306	MAX_NUMBER_OF_MILESTONES_PER_DAY	feature	float	getMaxMilestonesPerDayCount	float	features/progrrammable/IProgrammableFeature
307	DHW_MIN_HEATING_DURATION_PERIOD_FOR_ONE_DAY	feature	int	getMinHeatingDurationPeriodForOneDay	int	features/proginrange/IProgInRangeFeature
312	DHW_CURRENT_CONTROL_TARGET	feature	String	getCurrentControlTarget		features/dhw/IDHWFeature
316	HOST_SOFTWARE_VERSION	ui	Object	mo10321rungIAlus		fr/modulotech/app/domain/usecase/gateway/CheckGatewayOtaVersionCompatibilityUseCase
329	DHW_MIN_NUMBER_PROGRAMMING_RANGE_PER_DAY	feature	int	getMinProgRangeCountPerDay	int	features/proginrange/IProgInRangeFeature
330	DHW_STEP_PROG_RANGE	feature	int	getStepProgRange	int	features/proginrange/IProgInRangeFeature
331	DHW_MAX_DURATION_PROG_RANGE	feature	int	getMaxDurationProgRange	int	features/proginrange/IProgInRangeFeature
332	DHW_MIN_DURATION_PROG_RANGE	feature	int	getMinDurationProgRange	int	features/proginrange/IProgInRangeFeature
333	DHW_MAX_HEATING_DURATION_PERIOD_FOR_ONE_DAY	feature	int	getMaxHeatingDurationPeriodForOneDay	int	features/proginrange/IProgInRangeFeature
336	DHW_IHM_CAPABILITIES	feature	List<DHWHMI>	getDhwHMIList	bitfield	features/dhw/IDHWFeature
336	DHW_IHM_CAPABILITIES	ui	void	updateDebugViews		com/modulotech/atlantic/views/devices/steering/gacoma/waterdrop/BaseWaterDropDebugFeatureV2
337	DHW_MAIN_CURSOR_INFO	feature	MainDHWCursorInfo	getMainCursorInfo	enum	features/dhw/IDHWFeature
337	DHW_MAIN_CURSOR_INFO	ui	void	updateDebugViews		com/modulotech/atlantic/views/devices/steering/gacoma/waterdrop/BaseWaterDropDebugFeatureV2
338	DHW_SECONDARY_CURSOR_INFO	feature	SecondaryDHWCursorInfo	getSecondaryCursorInfo	enum	features/dhw/IDHWFeature
338	DHW_SECONDARY_CURSOR_INFO	ui	void	updateDebugViews		com/modulotech/atlantic/views/devices/steering/gacoma/waterdrop/BaseWaterDropDebugFeatureV2
339	DHW_IHM_DATA_INSIDE	feature	DHWHMIDataInside	getDhwHMIData		features/dhw/IDHWFeature
339	DHW_IHM_DATA_INSIDE	ui	void	updateDebugViews		com/modulotech/atlantic/views/devices/steering/gacoma/waterdrop/BaseWaterDropDebugFeatureV2
340	DHW_WATER_SETPOINT_STEP	feature	float	getWaterTemperaturePerOneStep		features/dhw/IDHWFeature
340	DHW_WATER_SETPOINT_STEP	ui	void	updateDebugViews		com/modulotech/atlantic/views/devices/steering/gacoma/waterdrop/BaseWaterDropDebugFeatureV2
344	ROOM_COUNT	ui	throw new	NoHubFoundException	int	fr/modulotech/app/domain/usecase/device/IsRoomAvailableOnHubUseCase
350	AIR_MIXING_SUPPORTED_SPEEDS	feature	List<SpeedAirMixingState>	getSupportedSpeed	value->set	features/airmixing/IAirMixingFeature
351	HOME_CONNECTIVITY_DISPLAY	ui	Object	invoke		com/modulotech/atlantic/views/devices/steering/toolbar/DHWToolbarActionView
351	HOME_CONNECTIVITY_DISPLAY	ui	Object	invoke	bitfield	com/modulotech/atlantic/views/devices/steering/toolbar/DHWToolbarActionView
352	ABSENCE_DAY_HEATING	feature	float	getDayAbsenceTemperature	float	features/temperature/ITemperatureFeature
353	PRESENCE_DAY_HEATING	feature	float	getDayPresenceTemperature	float	features/temperature/ITemperatureFeature
354	PRESENCE_NIGHT_HEATING	feature	float	getNightTemperature	float	features/temperature/ITemperatureFeature
355	ABSENCE_DAY_COOLING	feature	float	getDayAbsenceTemperature	float	features/temperature/ITemperatureFeature
356	PRESENCE_DAY_COOLING	feature	float	getDayPresenceTemperature	float	features/temperature/ITemperatureFeature
357	PRESENCE_NIGHT_COOLING	feature	float	getNightTemperature	float	features/temperature/ITemperatureFeature
381	DEVICE_BLE_PAIRING_COMPATIBILITY	feature	boolean	isConnectPlusDevice		com/modulotech/atlantic/devices/ISettingsDevice
100000	THERMAL_ZONE_NUMBER	feature	CesaV2Type	getCesaV2Type		features/device/type/IDeviceTypeFeature
100002	VENTILATION_OPTIONS_SUPPORTED	feature	List<VentilationOption>	getSupportedVentilationOptions	bitfield	features/ventilation/IVentilationFeature
100004	VENTILATION_CONTROLS_AVAILABLE	feature	List<VentilationControls>	getAvailableVentilationControls	bitfield	features/ventilation/IVentilationFeature
100013	THERMOSTAT_MILESTONES_AVAILABLE_TYPES	feature	List<MilestoneType>	getAvailableMilestoneTypes	bitfield	features/progrrammable/IProgrammableFeature
100014	ROOM_TYPE	feature	RoomType	getRoomType	enum	features/homesettings/IHomeSettingsFeature
100021	VENTILATION_CONTROLS_SUPPORTED	feature	List<VentilationControls>	getSupportedVentilationControls	bitfield	features/ventilation/IVentilationFeature
100022	SYSTEM_OPERATING_SERVICE_SUPPORTED_CAPABILITIES	feature	List<Service>	getSupportedServices	bitfield	features/service/IServiceFeature
100022	SYSTEM_OPERATING_SERVICE_SUPPORTED_CAPABILITIES	ui	void	updateDebugViews		com/modulotech/atlantic/views/devices/steering/gacoma/base/BaseSteeringCircleDebugFeature
100023	SYSTEM_SUPPORTED_MODES_CAPABILITIES	feature	List<Mode>	getSupportedModes		features/mode/IModeFeature
100023	SYSTEM_SUPPORTED_MODES_CAPABILITIES	ui	void	updateDebugViews		com/modulotech/atlantic/views/devices/steering/gacoma/base/BaseSteeringCircleDebugFeature
100024	VENTILATION_OPTIONS_AVAILABLE	feature	List<VentilationOption>	getAvailableVentilationOptions	bitfield	features/ventilation/IVentilationFeature
100078	VENTILATION_WINK_REQUEST	feature	Completable	writeWink		features/settings/ISettingsFeature
100078	VENTILATION_WINK_REQUEST	feature	boolean	isWinkRequested		features/settings/ISettingsFeature
100102	VENTILATION_ADAPTIVE_PLANNING	feature	Completable	writeAdaptivePlanning		features/ventilation/IVentilationFeature
100102	VENTILATION_ADAPTIVE_PLANNING	feature	boolean	isAdaptivePlanningEnabled		features/ventilation/IVentilationFeature
100103	VENTILATION_UNEXPECTED_EVENTS	feature	Completable	writeUnexpectedEvents		features/ventilation/IVentilationFeature
100103	VENTILATION_UNEXPECTED_EVENTS	feature	boolean	isUnexpectedEventsEnabled		features/ventilation/IVentilationFeature
100196	PROG_ABSENCE	feature	throw new	NoWhenBranchMatchedException		features/progrrammable/IProgrammableFeature
100196	PROG_ABSENCE	feature	throw new	NoWhenBranchMatchedException	json pair	features/progrrammable/IProgrammableFeature
100197	PROG_NIGHT	feature	LifestyleProgrammingState	getProgrammingStateValue		features/progrrammable/IProgrammableFeature
100197	PROG_NIGHT	feature	throw new	NoWhenBranchMatchedException		features/progrrammable/IProgrammableFeature
100198	PROG_PRESENCE	feature	LifestyleProgrammingState	getProgrammingStateValue		features/progrrammable/IProgrammableFeature
100198	PROG_PRESENCE	feature	throw new	NoWhenBranchMatchedException		features/progrrammable/IProgrammableFeature
100260	ABSENCE_ROOM_DATE	feature	String	toStringArray		features/absence/IAbsenceFeature
100260	ABSENCE_ROOM_DATE	feature	return	getAbsenceFromCapabilityValue		features/absence/IAbsenceFeature
100261	ABSENCE_ROOM_STATE	feature	GacomaAbsenceState	getRoomAbsenceState	enum	features/absence/IAbsenceFeature
100300	MILESTONE_START_DAY	feature	float	getProgramStartingDay	float	features/progrrammable/IProgrammableFeature
100301	MAX_NUMBER_OF_MILESTONES_PER_WEEK	feature	double	getMaxMilestonesPerWeekCount	float	features/progrrammable/IProgrammableFeature
100320	THERMOSTAT_PROG_HEATING_WITH_OFF_MONDAY	feature	List<GacomaProgramMilestone>	m12363getGacomaDayMilestonesO0EQGKo		features/progrrammable/IProgrammableFeature
100320	THERMOSTAT_PROG_HEATING_WITH_OFF_MONDAY	feature	throw new	NoWhenBranchMatchedException		features/progrrammable/IProgrammableFeature
100321	THERMOSTAT_PROG_HEATING_WITH_OFF_TUESDAY	feature	List<GacomaProgramMilestone>	m12363getGacomaDayMilestonesO0EQGKo		features/progrrammable/IProgrammableFeature
100321	THERMOSTAT_PROG_HEATING_WITH_OFF_TUESDAY	feature	throw new	NoWhenBranchMatchedException		features/progrrammable/IProgrammableFeature
100322	THERMOSTAT_PROG_HEATING_WITH_OFF_WEDNESDAY	feature	List<GacomaProgramMilestone>	m12363getGacomaDayMilestonesO0EQGKo		features/progrrammable/IProgrammableFeature
100322	THERMOSTAT_PROG_HEATING_WITH_OFF_WEDNESDAY	feature	throw new	NoWhenBranchMatchedException		features/progrrammable/IProgrammableFeature
100323	THERMOSTAT_PROG_HEATING_WITH_OFF_THURSDAY	feature	List<GacomaProgramMilestone>	m12363getGacomaDayMilestonesO0EQGKo		features/progrrammable/IProgrammableFeature
100323	THERMOSTAT_PROG_HEATING_WITH_OFF_THURSDAY	feature	throw new	NoWhenBranchMatchedException		features/progrrammable/IProgrammableFeature
100324	THERMOSTAT_PROG_HEATING_WITH_OFF_FRIDAY	feature	List<GacomaProgramMilestone>	m12363getGacomaDayMilestonesO0EQGKo		features/progrrammable/IProgrammableFeature
100324	THERMOSTAT_PROG_HEATING_WITH_OFF_FRIDAY	feature	throw new	NoWhenBranchMatchedException		features/progrrammable/IProgrammableFeature
100325	THERMOSTAT_PROG_HEATING_WITH_OFF_SATURDAY	feature	List<GacomaProgramMilestone>	m12363getGacomaDayMilestonesO0EQGKo		features/progrrammable/IProgrammableFeature
100325	THERMOSTAT_PROG_HEATING_WITH_OFF_SATURDAY	feature	throw new	NoWhenBranchMatchedException		features/progrrammable/IProgrammableFeature
100326	THERMOSTAT_PROG_HEATING_WITH_OFF_SUNDAY	feature	List<GacomaProgramMilestone>	m12363getGacomaDayMilestonesO0EQGKo		features/progrrammable/IProgrammableFeature
100326	THERMOSTAT_PROG_HEATING_WITH_OFF_SUNDAY	feature	throw new	NoWhenBranchMatchedException		features/progrrammable/IProgrammableFeature
100327	THERMOSTAT_PROG_COOLING_WITH_OFF_MONDAY	feature	List<GacomaProgramMilestone>	m12363getGacomaDayMilestonesO0EQGKo		features/progrrammable/IProgrammableFeature
100327	THERMOSTAT_PROG_COOLING_WITH_OFF_MONDAY	feature	throw new	NoWhenBranchMatchedException		features/progrrammable/IProgrammableFeature
100328	THERMOSTAT_PROG_COOLING_WITH_OFF_TUESDAY	feature	List<GacomaProgramMilestone>	m12363getGacomaDayMilestonesO0EQGKo		features/progrrammable/IProgrammableFeature
100328	THERMOSTAT_PROG_COOLING_WITH_OFF_TUESDAY	feature	throw new	NoWhenBranchMatchedException		features/progrrammable/IProgrammableFeature
100329	THERMOSTAT_PROG_COOLING_WITH_OFF_WEDNESDAY	feature	List<GacomaProgramMilestone>	m12363getGacomaDayMilestonesO0EQGKo		features/progrrammable/IProgrammableFeature
100329	THERMOSTAT_PROG_COOLING_WITH_OFF_WEDNESDAY	feature	throw new	NoWhenBranchMatchedException		features/progrrammable/IProgrammableFeature
100330	THERMOSTAT_PROG_COOLING_WITH_OFF_THURSDAY	feature	List<GacomaProgramMilestone>	m12363getGacomaDayMilestonesO0EQGKo		features/progrrammable/IProgrammableFeature
100330	THERMOSTAT_PROG_COOLING_WITH_OFF_THURSDAY	feature	throw new	NoWhenBranchMatchedException		features/progrrammable/IProgrammableFeature
100331	THERMOSTAT_PROG_COOLING_WITH_OFF_FRIDAY	feature	List<GacomaProgramMilestone>	m12363getGacomaDayMilestonesO0EQGKo		features/progrrammable/IProgrammableFeature
100331	THERMOSTAT_PROG_COOLING_WITH_OFF_FRIDAY	feature	throw new	NoWhenBranchMatchedException		features/progrrammable/IProgrammableFeature
100332	THERMOSTAT_PROG_COOLING_WITH_OFF_SATURDAY	feature	List<GacomaProgramMilestone>	m12363getGacomaDayMilestonesO0EQGKo		features/progrrammable/IProgrammableFeature
100332	THERMOSTAT_PROG_COOLING_WITH_OFF_SATURDAY	feature	throw new	NoWhenBranchMatchedException		features/progrrammable/IProgrammableFeature
100333	THERMOSTAT_PROG_COOLING_WITH_OFF_SUNDAY	feature	List<GacomaProgramMilestone>	m12363getGacomaDayMilestonesO0EQGKo		features/progrrammable/IProgrammableFeature
100333	THERMOSTAT_PROG_COOLING_WITH_OFF_SUNDAY	feature	throw new	NoWhenBranchMatchedException		features/progrrammable/IProgrammableFeature
100334	THERMOSTAT_LIFESTYLE_HEATING_MONDAY	feature	?	?		features/progrrammable/IProgrammableFeature
100334	THERMOSTAT_LIFESTYLE_HEATING_MONDAY	feature	List<MilestoneType>	getAvailableMilestoneTypes		features/progrrammable/IProgrammableFeature
100335	THERMOSTAT_LIFESTYLE_HEATING_TUESDAY	feature	?	?		features/progrrammable/IProgrammableFeature
100335	THERMOSTAT_LIFESTYLE_HEATING_TUESDAY	feature	List<MilestoneType>	getAvailableMilestoneTypes		features/progrrammable/IProgrammableFeature
100336	THERMOSTAT_LIFESTYLE_HEATING_WEDNESDAY	feature	?	?		features/progrrammable/IProgrammableFeature
100336	THERMOSTAT_LIFESTYLE_HEATING_WEDNESDAY	feature	List<MilestoneType>	getAvailableMilestoneTypes		features/progrrammable/IProgrammableFeature
100337	THERMOSTAT_LIFESTYLE_HEATING_THURSDAY	feature	?	?		features/progrrammable/IProgrammableFeature
100337	THERMOSTAT_LIFESTYLE_HEATING_THURSDAY	feature	List<MilestoneType>	getAvailableMilestoneTypes		features/progrrammable/IProgrammableFeature
100338	THERMOSTAT_LIFESTYLE_HEATING_FRIDAY	feature	?	?		features/progrrammable/IProgrammableFeature
100338	THERMOSTAT_LIFESTYLE_HEATING_FRIDAY	feature	List<MilestoneType>	getAvailableMilestoneTypes		features/progrrammable/IProgrammableFeature
100339	THERMOSTAT_LIFESTYLE_HEATING_SATURDAY	feature	?	?		features/progrrammable/IProgrammableFeature
100339	THERMOSTAT_LIFESTYLE_HEATING_SATURDAY	feature	List<MilestoneType>	getAvailableMilestoneTypes		features/progrrammable/IProgrammableFeature
100341	THERMOSTAT_LIFESTYLE_HEATING_SUNDAY	feature	?	?		features/progrrammable/IProgrammableFeature
100341	THERMOSTAT_LIFESTYLE_HEATING_SUNDAY	feature	List<MilestoneType>	getAvailableMilestoneTypes		features/progrrammable/IProgrammableFeature
100450	VENTILATION_HEATING_ANTICIPATION	feature	Completable	writeHeatingAnticipation		features/ventilation/IVentilationFeature
100450	VENTILATION_HEATING_ANTICIPATION	feature	boolean	isDeviceProgramAnticipationSupported		features/prog/assistant/IProgAssistantFeature
100450	VENTILATION_HEATING_ANTICIPATION	feature	boolean	isHeatingAnticipationEnabled		features/ventilation/IVentilationFeature
100503	WIFI_SOFTWARE_VERSION	ui	Object	mo10321rungIAlus		fr/modulotech/app/domain/usecase/gateway/CheckGatewayOtaVersionCompatibilityUseCase
100505	VENTILATION_CURRENT_POWERFUL_MODE	feature	Completable	writePowerfulMode		features/ventilation/IVentilationFeature
100505	VENTILATION_CURRENT_POWERFUL_MODE	feature	boolean	isPowerfulModeEnabled		features/ventilation/IVentilationFeature
100506	VENTILATION_CURRENT_PRESENCE_DETECTION_MODE	feature	Completable	writePresenceDetectionMode		features/ventilation/IVentilationFeature
100506	VENTILATION_CURRENT_PRESENCE_DETECTION_MODE	feature	PresenceDetectionMode	getCurrentPresenceDetectionMode	enum	features/ventilation/IVentilationFeature
100507	VENTILATION_CURRENT_ENERGY_SAVING_MODE	feature	Completable	writeSavingEnergyMode		features/ventilation/IVentilationFeature
100507	VENTILATION_CURRENT_ENERGY_SAVING_MODE	feature	boolean	isSavingEnergyModeEnabled		features/ventilation/IVentilationFeature
100800	VENTILATION_CURRENT_FAN_SPEED_MODE	feature	List<VentilationSpeedMode>	getAvailableFanSpeeds	value->set	features/ventilation/IVentilationFeature
100801	VENTILATION_CURRENT_SPEED_MODE	feature	?	?		features/ventilation/IVentilationFeature
100801	VENTILATION_CURRENT_SPEED_MODE	feature	Completable	writeCurrentVentilationSpeedMode		features/ventilation/IVentilationFeature
100801	VENTILATION_CURRENT_SPEED_MODE	feature	VentilationSpeedMode	getCurrentVentilationSpeedMode	enum	features/ventilation/IVentilationFeature
100801	VENTILATION_CURRENT_SPEED_MODE	ui	void	updateDebugViews		com/modulotech/atlantic/views/devices/steering/gacoma/airconditioner/GacomaAirConditionerView
100802	VENTILATION_QUIET_MODE	feature	?	?		features/ventilation/IVentilationFeature
100802	VENTILATION_QUIET_MODE	feature	Completable	writeQuietMode		features/ventilation/IVentilationFeature
100802	VENTILATION_QUIET_MODE	feature	boolean	isInQuietMode		features/ventilation/IVentilationFeature
100803	VENTILATION_POSITION_OF_SHUTTERS_MODE	feature	?	?		features/ventilation/IVentilationFeature
100803	VENTILATION_POSITION_OF_SHUTTERS_MODE	feature	Completable	writeCurrentVentilationPositionMode		features/ventilation/IVentilationFeature
100803	VENTILATION_POSITION_OF_SHUTTERS_MODE	feature	VentilationShutterPositionMode	getCurrentVentilationPositionMode	enum	features/ventilation/IVentilationFeature
100803	VENTILATION_POSITION_OF_SHUTTERS_MODE	ui	void	updateDebugViews		com/modulotech/atlantic/views/devices/steering/gacoma/airconditioner/GacomaAirConditionerView
100804	VENTILATION_SWING_MODE	feature	?	?		features/ventilation/IVentilationFeature
100804	VENTILATION_SWING_MODE	feature	Completable	writeSwingMode		features/ventilation/IVentilationFeature
100804	VENTILATION_SWING_MODE	feature	boolean	isSwingModeEnabled		features/ventilation/IVentilationFeature
100804	VENTILATION_SWING_MODE	ui	void	updateDebugViews		com/modulotech/atlantic/views/devices/steering/gacoma/airconditioner/GacomaAirConditionerView
102004	AIR_MIXING_SPEED	feature	SpeedAirMixingState	getSpeedAirMixingState	enum	features/airmixing/IAirMixingFeature
102004	AIR_MIXING_SPEED	feature	private	Companion		features/airmixing/IAirMixingFeature
102005	AIR_MIXING_MODES_SUPPORTED	feature	List<AirMixingModesOption>	getOptionsSupported	bitfield	features/airmixing/IAirMixingFeature
102006	AIR_MIXING_MODES_AVAILABLE	feature	List<AirMixingModesOption>	getAvailableOptions	bitfield	features/airmixing/IAirMixingFeature
102020	AIR_MIXING_ACTUAL_MODE	feature	AirMixingModesOption	getCurrentOption	enum	features/airmixing/IAirMixingFeature
102020	AIR_MIXING_ACTUAL_MODE	feature	private	Companion		features/airmixing/IAirMixingFeature
102021	AIR_MIXING_DURATION	feature	int	getDurationTime	int	features/airmixing/IAirMixingFeature
102021	AIR_MIXING_DURATION	feature	private	Companion		features/airmixing/IAirMixingFeature
102022	AIR_MIXING_DURATION_STEP	feature	int	getStepDuration	int	features/airmixing/IAirMixingFeature
102023	AIR_MIXING_DURATION_REMAINING_TIME	feature	int	getDurationRemainingTime	int	features/airmixing/IAirMixingFeature
102024	AIR_MIXING_ACTIVATION	feature	boolean	isAirMixingActivated		features/airmixing/IAirMixingFeature
102024	AIR_MIXING_ACTIVATION	feature	private	Companion		features/airmixing/IAirMixingFeature
102025	AIR_MIXING_MIN_DURATION	feature	int	getMinAirMixingDuration	int	features/airmixing/IAirMixingFeature
102026	AIR_MIXING_MAX_DURATION	feature	int	getMaxAirMixingDuration	int	features/airmixing/IAirMixingFeature
103034	ROOM_CONTROLS_CAPABILITIES_EXTENDED_DYNAMIC	feature	boolean	isAntifrostAvailable	bitfield	features/temperature/ITemperatureFeature
103150	AMBIENT_TEMPERATURE_AVAILABILITY	feature	boolean	isCurrentTemperatureAvailable		features/temperature/ITemperatureFeature
103199	ROOM_ANTIFROST_TEMPERATURE	feature	float	getAntifrostTemperature	float	features/temperature/ITemperatureFeature
104044	VENTILATION_BOOST_OPTION	feature	Completable	writeVentilationBoost		features/ventilation/IVentilationFeature
104044	VENTILATION_BOOST_OPTION	feature	boolean	isVentilationBoostEnabled		features/ventilation/IVentilationFeature
104047	VENTILATION_BOOST_END_TIMESTAMP	feature	long	getVentilationBoostEndTimeMillis	long	features/ventilation/IVentilationFeature
104050	VENTILATION_OPEN_WINDOW_DETECTION	feature	Completable	writeOpenWindowDetection		features/ventilation/IVentilationFeature
104050	VENTILATION_OPEN_WINDOW_DETECTION	feature	boolean	isOpenWindowDetectionEnabled		features/ventilation/IVentilationFeature
104051	VENTILATION_OPEN_WINDOW_DETECTION_STATE	feature	boolean	isWindowOpened		features/ventilation/IVentilationFeature
105011	DHW_SUPPORTED_MODES_CAPABILITIES	feature	List<DHWMode>	getDhwSupportedModes		features/mode/IModeFeature
105011	DHW_SUPPORTED_MODES_CAPABILITIES	ui	void	updateDebugViews		com/modulotech/atlantic/views/devices/steering/gacoma/waterdrop/BaseWaterDropDebugFeature
105011	DHW_SUPPORTED_MODES_CAPABILITIES	ui	void	updateDebugViews		com/modulotech/atlantic/views/devices/steering/gacoma/waterdrop/BaseWaterDropDebugFeatureV2
105012	DHW_SUPPORTED_HEATING_TYPE	feature	List<DHWHeatingType>	getDhwSupportedHeatingTypes	bitfield	features/dhw/IDHWFeature
105122	DHW_BOOST_END_TIMESTAMP	feature	long	getBoostEndTimeMillis	long	features/dhw/IDHWFeature
105122	DHW_BOOST_END_TIMESTAMP	ui	void	updateDebugViews		com/modulotech/atlantic/views/devices/steering/gacoma/waterdrop/BaseWaterDropDebugFeature
105122	DHW_BOOST_END_TIMESTAMP	ui	void	updateDebugViews		com/modulotech/atlantic/views/devices/steering/gacoma/waterdrop/BaseWaterDropDebugFeatureV2
105300	DHW_WATER_LIMIT	feature	float	getWaterLimit		features/dhw/IDHWFeature
105300	DHW_WATER_LIMIT	ui	void	updateDebugViews		com/modulotech/atlantic/views/devices/steering/gacoma/waterdrop/BaseWaterDropDebugFeatureV2
105304	DHW_MAX_TARGET_DEROGATION_MODE	feature	String	getMaxTargetDerogationMode		features/dhw/IDHWFeature
105636	DHW_COMFORT_MODE	feature	Completable	writeComfortMode		features/mode/IModeFeature
105636	DHW_COMFORT_MODE	feature	DHWComfortMode	getComfortMode	enum	features/mode/IModeFeature
105906	DHW_V40_APPLIED_SETPOINT	feature	Completable	writeRequestedHotWaterLevel		features/dhw/IDHWFeature
105906	DHW_V40_APPLIED_SETPOINT	feature	float	getDhwMainCursorPosition	float	features/dhw/IDHWFeature
105906	DHW_V40_APPLIED_SETPOINT	ui	void	updateDebugViews		com/modulotech/atlantic/views/devices/steering/gacoma/waterdrop/BaseWaterDropDebugFeatureV2
105907	DHW_V40_MANUALLY_FILLED_BY_USER	feature	float	getDhwSecondaryCursorPosition	float	features/dhw/IDHWFeature
105907	DHW_V40_MANUALLY_FILLED_BY_USER	ui	void	updateDebugViews		com/modulotech/atlantic/views/devices/steering/gacoma/waterdrop/BaseWaterDropDebugFeatureV2
