ROOM_NAME	154
ROOM_COUNT	344
WIFI_SIGNAL	179
ROOM_TYPE	100014
ZONE_OR_ROOM_IDENTIFICATION	-100
VENTILATION_WINK_REQUEST	100078
WIFI_CONNECTED	218
ZONES_COUNT	93
VENTILATION_BOOST_OPTION	104044
VENTILATION_BOOST_END_TIMESTAMP	104047
ROOM_AMBIENT_TEMPERATURE	117
ROOM_CURRENT_HEATING_TARGET_TEMPERATURE	40
ROOM_CURRENT_COOLING_TARGET_TEMPERATURE	177
HEATING_MINIMUM_TEMPERATURE	160
HEATING_MAXIMUM_TEMPERATURE	161
COOLING_MINIMUM_TEMPERATURE	162
COOLING_MAXIMUM_TEMPERATURE	163
TEMPERATURE_UPDATE_STEP	294
AMBIENT_TEMPERATURE_AVAILABILITY	103150
ROOM_CONTROLS_CAPABILITIES_EXTENDED_DYNAMIC	103034
ROOM_ANTIFROST_TEMPERATURE	103199
ROOM_OVERRIDE_SET_POINT_ACTIVATION	157
OVERRIDE_SET_POINT_DURATION	158
ROOM_OVERRIDE_SET_POINT_REMAINING	159
SYSTEM_SUPPORTED_MODES_CAPABILITIES	100023
SYSTEM_AVAILABLE_MODES_CAPABILITIES	217
ROOM_SYSTEM_CURRENT_MODE	184
DHW_SUPPORTED_MODES_CAPABILITIES	105011
DHW_AVAILABLE_MODES_CAPABILITIES	168
DHW_CURRENT_MODE	87
HEATING_STATUS	153
DHW_HEATING_STATUS	99
SERVICE_IN_PROGRESS_MODE	181
SYSTEM_OPERATING_SERVICE_SUPPORTED_CAPABILITIES	100022
SYSTEM_OPERATING_SERVICE_AVAILABLE_CAPABILITIES	166
SYSTEM_OPERATION_SERVICE_REQUESTED_CAPABILITY	7
AVAILABLE_THERMOSTAT_MODE	73
DHW_SUPPORTED_HEATING_TYPE	105012
DHW_AVAILABLE_HEATING_TYPE	223
DHW_CURRENT_HEATING_TYPE	230
DHW_SECONDARY_CURSOR_INFO	338
DHW_MAIN_CURSOR_INFO	337
DHW_IHM_CAPABILITIES	336
DHW_IHM_DATA_INSIDE	339
DHW_OPERATING_STATUS_CAPABILITY	86
DHW_MIN_USER_TARGET	253
DHW_MAX_USER_TARGET	252
DHW_CURRENT_CONTROL_TARGET	312
DHW_CURRENT_MANUAL_TARGET_SET_BY_USER	231
DHW_TARGET_BY_USER_MODE	22
DHW_WATER_SETPOINT_STEP	340
DHW_MODIFIABLE_SETPOINTS	-100
DHW_BOOST_ON	165
DHW_BOOST_MINUTES	232
DHW_BOOST_END_TIMESTAMP	105122
DHW_V40_APPLIED_SETPOINT	105906
DHW_V40_MANUALLY_FILLED_BY_USER	105907
DHW_STATE_OF_CHARGE	271
DHW_HOT_WATER_LEVEL_REQUESTED	292
DHW_CURRENT_HOT_WATER_LEVEL	293
DHW_MAX_TARGET_DEROGATION_MODE	105304
DHW_CHANGEABLE_TARGET	-100
DHW_COLD_WATER_TEMPERATURE	280
DHW_WATER_LIMIT	105300
DHW_ESTIMATION_SUPPORT	224
DHW_COMFORT_MODE	105636
DHW_TANK_CAPACITY	258
HOME_SERVICES_CAPABILITIES	188
ERROR_CODE_HOME	150
ERROR_CODE_ROOM	303
ERROR_CODE_DHW	290
ABSENCE_HOME_DATE	222
ABSENCE_DHW_DATE	226
ABSENCE_DHW_STATE	227
ABSENCE_DHW_TEMPERATURE	228
ABSENCE_ROOM_DATE	100260
ABSENCE_ROOM_STATE	100261
ABSENCE_HOME_STATE	152
ABSENCE_HEATING	172
ABSENCE_COOLING	171
ABSENCE_DAY_HEATING	352
ABSENCE_DAY_COOLING	355
PRESENCE_DAY_HEATING	353
PRESENCE_DAY_COOLING	356
PRESENCE_NIGHT_HEATING	354
PRESENCE_NIGHT_COOLING	357
MILESTONE_START_DAY	100300
DHW_MAX_NUMBER_MILESTONE_PER_DAY	236
MAX_NUMBER_OF_MILESTONES_PER_DAY	306
MAX_NUMBER_OF_MILESTONES_PER_WEEK	100301
DHW_PROG_MILESTONE_MONDAY	237
DHW_PROG_MILESTONE_TUESDAY	238
DHW_PROG_MILESTONE_WEDNESDAY	239
DHW_PROG_MILESTONE_THURSDAY	240
DHW_PROG_MILESTONE_FRIDAY	241
DHW_PROG_MILESTONE_SATURDAY	242
DHW_PROG_MILESTONE_SUNDAY	243
THERMOSTAT_PROG_HEATING_MONDAY	196
THERMOSTAT_PROG_HEATING_TUESDAY	197
THERMOSTAT_PROG_HEATING_WEDNESDAY	198
THERMOSTAT_PROG_HEATING_THURSDAY	199
THERMOSTAT_PROG_HEATING_FRIDAY	200
THERMOSTAT_PROG_HEATING_SATURDAY	201
THERMOSTAT_PROG_HEATING_SUNDAY	202
THERMOSTAT_PROG_COOLING_MONDAY	203
THERMOSTAT_PROG_COOLING_TUESDAY	204
THERMOSTAT_PROG_COOLING_WEDNESDAY	205
THERMOSTAT_PROG_COOLING_THURSDAY	206
THERMOSTAT_PROG_COOLING_FRIDAY	207
THERMOSTAT_PROG_COOLING_SATURDAY	208
THERMOSTAT_PROG_COOLING_SUNDAY	209
THERMOSTAT_PROG_HEATING_WITH_OFF_MONDAY	100320
THERMOSTAT_PROG_HEATING_WITH_OFF_TUESDAY	100321
THERMOSTAT_PROG_HEATING_WITH_OFF_WEDNESDAY	100322
THERMOSTAT_PROG_HEATING_WITH_OFF_THURSDAY	100323
THERMOSTAT_PROG_HEATING_WITH_OFF_FRIDAY	100324
THERMOSTAT_PROG_HEATING_WITH_OFF_SATURDAY	100325
THERMOSTAT_PROG_HEATING_WITH_OFF_SUNDAY	100326
THERMOSTAT_PROG_COOLING_WITH_OFF_MONDAY	100327
THERMOSTAT_PROG_COOLING_WITH_OFF_TUESDAY	100328
THERMOSTAT_PROG_COOLING_WITH_OFF_WEDNESDAY	100329
THERMOSTAT_PROG_COOLING_WITH_OFF_THURSDAY	100330
THERMOSTAT_PROG_COOLING_WITH_OFF_FRIDAY	100331
THERMOSTAT_PROG_COOLING_WITH_OFF_SATURDAY	100332
THERMOSTAT_PROG_COOLING_WITH_OFF_SUNDAY	100333
THERMOSTAT_LIFESTYLE_HEATING_MONDAY	100334
THERMOSTAT_LIFESTYLE_HEATING_TUESDAY	100335
THERMOSTAT_LIFESTYLE_HEATING_WEDNESDAY	100336
THERMOSTAT_LIFESTYLE_HEATING_THURSDAY	100337
THERMOSTAT_LIFESTYLE_HEATING_FRIDAY	100338
THERMOSTAT_LIFESTYLE_HEATING_SATURDAY	100339
THERMOSTAT_LIFESTYLE_HEATING_SUNDAY	100341
PROG_PRESENCE	100198
PROG_ABSENCE	100196
PROG_NIGHT	100197
THERMOSTAT_MILESTONES_AVAILABLE_TYPES	100013
THERMOSTAT_MINIMUM_TIME_BETWEEN_THO_MILESTONES	296
THERMOSTAT_TIME_MILESTONE_STEP	295
DHW_MAX_NUMBER_PROGRAMMING_RANGE_PER_DAY	244
DHW_MIN_NUMBER_PROGRAMMING_RANGE_PER_DAY	329
DHW_STEP_PROG_RANGE	330
DHW_MAX_DURATION_PROG_RANGE	331
DHW_MIN_DURATION_PROG_RANGE	332
DHW_MAX_HEATING_DURATION_PERIOD_FOR_ONE_DAY	333
DHW_MIN_HEATING_DURATION_PERIOD_FOR_ONE_DAY	307
DHW_PROG_IN_RANGE_MONDAY	245
DHW_PROG_IN_RANGE_TUESDAY	246
DHW_PROG_IN_RANGE_WEDNESDAY	247
DHW_PROG_IN_RANGE_THURSDAY	248
DHW_PROG_IN_RANGE_FRIDAY	249
DHW_PROG_IN_RANGE_SATURDAY	250
DHW_PROG_IN_RANGE_SUNDAY	251
PROG_ASSISTANT_ANTICIPATION_STATE	103450
VENTILATION_CURRENT_POWERFUL_MODE	100505
VENTILATION_CONTROLS_SUPPORTED	100021
VENTILATION_CONTROLS_AVAILABLE	100004
VENTILATION_OPTIONS_SUPPORTED	100002
VENTILATION_CURRENT_PRESENCE_DETECTION_MODE	100506
VENTILATION_CURRENT_ENERGY_SAVING_MODE	100507
VENTILATION_CURRENT_FAN_SPEED_MODE	100800
VENTILATION_CURRENT_SPEED_MODE	100801
VENTILATION_QUIET_MODE	100802
VENTILATION_POSITION_OF_SHUTTERS_MODE	100803
VENTILATION_SWING_MODE	100804
AIR_MIXING_MODES_SUPPORTED	102005
AIR_MIXING_MODES_AVAILABLE	102006
AIR_MIXING_DURATION	102021
AIR_MIXING_DURATION_STEP	102022
AIR_MIXING_MIN_DURATION	102025
AIR_MIXING_MAX_DURATION	102026
AIR_MIXING_DURATION_REMAINING_TIME	102023
AIR_MIXING_ACTIVATION	102024
AIR_MIXING_SPEED	102004
AIR_MIXING_SUPPORTED_SPEEDS	350
AIR_MIXING_ACTUAL_MODE	102020
POSSIBLE_LIFT_CONSUMPTION_TYPES	164
V40_ACCUMULATED_CONSUMPTION	269
HOME_CONNECTIVITY_DISPLAY	351
VENTILATION_OPEN_WINDOW_DETECTION	104050
VENTILATION_OPEN_WINDOW_DETECTION_STATE	104051
VENTILATION_OPTIONS_AVAILABLE	100024
VENTILATION_UNEXPECTED_EVENTS	100103
VENTILATION_HEATING_ANTICIPATION	100450
VENTILATION_ADAPTIVE_PLANNING	100102
INFO_FILTER_TO_CHANGE	-100
INFO_DEFROST_EU	-100
POWER	106
DEBUG	9812
THERMAL_ZONE_NUMBER	100000
HOST_SOFTWARE_VERSION	316
WIFI_SOFTWARE_VERSION	100503
DEVICE_BLE_PAIRING_COMPATIBILITY	381
